source,text,date,source_url
play_store,"Motorola user here 👋🏻! Us people don't have a built-in photo gallery, and Google photos is our first reliable go-to. However, it seems to lack a few basic features, such as: 1. flipping a photo without needing to editing it... it's really annoying and time-consuming to edit and then get a new copy of the same photos everytime 🙄. 2. Allow us to invert the order of photos even outside the albums. 3. Can have better editing tools... it's Google we are talking about here: no compromises 😄.",2026-09-06,https://play.google.com/store/apps/details?id=com.google.android.apps.photos
play_store,"The app is so nice as far..I even purchased storage..but it would be nice if we get the option to enlist faces manually as well because sometimes it doesn't automatically recognise faces of the photo taken either from back , side or in dim light . hence if we can manually add face it would be easier for us to find out photos based on face 🤌",2026-08-30,https://play.google.com/store/apps/details?id=com.google.android.apps.photos
play_store,"Excellent Photo Management App! Google Photos is one of the most useful apps for safely storing, organizing, and accessing photos and videos. The automatic backup, powerful search, easy sharing, and smart organization features make it extremely convenient. I especially like how easily I can find old photos and memories by date, location, or people. Simple, reliable, and very user-friendly. Highly recommended! 👍📸",2026-08-12,https://play.google.com/store/apps/details?id=com.google.android.apps.photos
play_store,"Good for photo storage and searching, but it sends too many memories/themed notifications each day and there isn't an option to fine-tune this other than to disable them. I like the occasional one to look back on but the current rate is pestering. Similarly, there's a pop-up (I think about AI editing of something? I dismiss it because I want to 👏 look 👏 at 👏 my 👏 photos when I open the app) that holds up using the app for what it's for. it's gotten pretty irritating to use.",2026-04-21,https://play.google.com/store/apps/details?id=com.google.android.apps.photos
play_store,"AI search is slower, less accurate, and more presumptuous than the version we had before. When AI search first came out, we even had a choice between the two, no longer. It's forced AI that interests the companies' surveillance more than the customers' choice, and I'll be switching to another storage provider as soon as possible. For work, I'd look up ""maps"" to pull up maps of locations I service, but the AI assumes I want Google Maps or ""map view"" and takes over my phone's control to switch.",2026-04-29,https://play.google.com/store/apps/details?id=com.google.android.apps.photos
play_store,"Their is a lot to like about the photo app. the editing tools are great and very easy to use. The new AI edits are quite impressive. However, facial recognition! This used to work well but has become a complete mess recently to the point it's useless to even try and search by name. Random people in backgrounds are being assigned key family members. It ignores 50% of the people clearly in the foreground. And there is no way to manually assign people to help fix errors, Apart from remove photo.",2025-06-14,https://play.google.com/store/apps/details?id=com.google.android.apps.photos
play_store,"Used to be a good, March update ruined it. Moved all the editing options. onto different categories, no makes little sense. won't let you re-edit a photo you've already edited. instead makes you revert to original and do all the work again if you want to re-crop or similar. once you then save a copy that becomes almost impossible to find. doesn't get out next to the original or at the top of the gallery like before. only found mine in recently added, which obviously, they are not, Just edited.",2026-03-07,https://play.google.com/store/apps/details?id=com.google.android.apps.photos
play_store,"I'm not the biggest fan of folders being on a second page, separated from the first page which only shows camera roll photos. And for some reason, I can't delete photos anymore? It just pulls up an infinitely-looping circle of doom and does nothing. Strange stuff. Otherwise, the app has amazing features that I really enjoy. I love that I can order photos through the app. While I haven't used it yet, I certainly plan to! Altogether, I really just use the app became it came pre-installed.",2024-11-08,https://play.google.com/store/apps/details?id=com.google.android.apps.photos
play_store,"Within the last 48 hours, I've probably uninstalled and reinstalled this apt close to 10 times. When the app finally backs-up photos, it's missing some (photos that are in my albums on my phone aren't showing up in app). Also when I click on a photo in the app, it opens a different picture. I'm thinking to uninstall app entirely. You'd think Google, of all software out there, could get this right!",2024-09-24,https://play.google.com/store/apps/details?id=com.google.android.apps.photos
play_store,"I've been thinking about writing a review since the change in the way I can edit my own photos, but I thought it'd be fine. It's not. This sucks. Google lens is no longer in the suggested actions at the bottom, instead you have to tap on the three dots in the upper right corner, which is just unnecessary and annoying. The editor is actually trash now, like I'd rather download an extra app to edit/crop my pics and everytime I want to look through my albums it opens the search function.",2025-10-09,https://play.google.com/store/apps/details?id=com.google.android.apps.photos
play_store,"I HATE the new organization of Collections. Now I have to click through multiple menus to find my folders, it takes longer and I don't want or need it. I also wish I could default to open on my Device folders which is what I use the most. I do not care about Memories. I hate the pop-ups that constantly ask me to back up my photos (which I do not want to do). This app gets worse and worse with every update. At least allow us to customize our default view! Please!!",2024-12-05,https://play.google.com/store/apps/details?id=com.google.android.apps.photos
play_store,"Your last update is terrible. You removed the blur option which was AMAZING for blurring the background of my photos of flowers. The flowers would just pop with a heavy blur. The portrait blur is not nearly as good, especially when I use blur and depth to get my flowers to look how I want them to. It DOES look good, but when I save it, the blur almost disappears. Your ""upgrade"" is really a downgrade.",2025-08-04,https://play.google.com/store/apps/details?id=com.google.android.apps.photos
play_store,ugh! what have you done to the editing controls!! get rid of the inefficient and inaccurate AI garage and bring back the custom controls that let me rotate and keystone and crop! AI framing isn't even close to correct! and the manual controls are now so limited I can't even select the correct borders or rotate correctly. the old controls were so much better! one click would pretty closely grab the correct outline and then I could tweak. not anymore!!!,2025-08-12,https://play.google.com/store/apps/details?id=com.google.android.apps.photos
play_store,"This app is practically unusable anymore. The search engine doesn't ever freaking work when trying to find a specific photo, Even on Wi-Fi the page loads slow when trying to find a picture(Or doesn't load at all), It still doesn't have an option to where it can just save all of your photos/videos into albums without having to manually create them again. I'm only giving this 2 stars because it's one of the only ways that I know to backup my device photos without having to use a PC.",2025-10-15,https://play.google.com/store/apps/details?id=com.google.android.apps.photos
play_store,"Service has steadily declined for years now. Lots of features just completely don't work, for example saving a new frame from a motion photo. They removed the ability to search your photos if they aren't backed up. The cherry on top is recently they added an effect to your memories so that a large number comes in and shows you how many years it's been, unfortunately this new effect has ruined to quality of every single photo it shows. I really don't know how some of this leaves beta.",2026-02-17,https://play.google.com/store/apps/details?id=com.google.android.apps.photos
play_store,"Another failed update, still no perspective correction and I note that you can no longer select a different frame from motion photos anymore, used to be able to bring up all frames in a line and slide back and forth to select a different one from the one this daft SW wants to use. However the crop tool has been returned to how it was which is a start. might give this a second star if you ever put perspective correction back in! AI just can't figure it out properly.",2025-08-27,https://play.google.com/store/apps/details?id=com.google.android.apps.photos
play_store,"Editing photos is terrible since the new update. Cropping is incredibly difficult and was far better before. There's not even ""rotate frame"" when cropping. The edited photo will be small (frankly difficult to see) in the middle surrounded by black then when you hold to compare to original picture that goes full screen (impossible to compare how the look because the propations are so vastly different. The brush that selects parts of the photo pain in the neck now, it should be given it's own tab",2025-09-18,https://play.google.com/store/apps/details?id=com.google.android.apps.photos
play_store,"the new update makes zero sense, I likes it where I was able to just watch all my albums in one go, instead now it's all folder inside of folder?! I have bad memory and can't always remember if I've backed up a photo already, or if it's still on my device, not to mention now there's a pets and people tab, which you'd think would be nice, but no! I get constant reminders of people I don't want to see anymore with photos I thought were gone! thanks a lot Google, and not in a nice way!",2024-08-19,https://play.google.com/store/apps/details?id=com.google.android.apps.photos
play_store,"Since the update, I can't choose separate photos for my lock screen wallpaper or main wallpaper. There is only an option for ""wallpaper"" now, which stretches and distorts the photo to fit the size of the screen! Also in order to continue editing a photo, I have to revert back to the original and edit all over again! Please go back to the original options; why do companies feel the need to constantly change everything every couple months, and not to their users' preference?? So frustrating!",2025-09-30,https://play.google.com/store/apps/details?id=com.google.android.apps.photos
play_store,"i really don't like this app. i don't like the 'moments' it randomly creates that can't be turned off. i don't like that albums aren't on the same level as the default categories (for example if you take a photo from the downloads category and put it in an album it still exists in the downloads category.) i don't like the facial detection grouping, it rarely works and just adds to the already messy layout. i could say more but i'm running out of characters.",2025-05-29,https://play.google.com/store/apps/details?id=com.google.android.apps.photos
play_store,"this app used to be perfect, but the quality has gone downhill. the new ai search rarely finds the photos i want in comparison to the old search where i'd find my photos every time. there's also a recent bug where adding photos to an album sometimes creates duplicates, and they are really hard to get rid of. it seems to be related to a delay when pressing the button to add a collection of photos, sometimes this hangs for like 10 seconds and i think if i press it twice i get duplicates.",2025-09-17,https://play.google.com/store/apps/details?id=com.google.android.apps.photos
play_store,"This app is great but something isn't working with the backup, albums and syncing across devices/platforms at the moment. I created an album on another device and the album didn't show up on this device. I modified photos through this app on another device and the changes didn't move across. I tried to share an album and I was told the picture, which I took last night still needed to be uploaded despite automatic backup on. They should have been uploaded over night ages ago.",2025-03-23,https://play.google.com/store/apps/details?id=com.google.android.apps.photos
play_store,"They added search to the Add To Album popup! Someone *is* reading all those feedbacks I send!!! Easy backup of photos and videos. Nice interface for browsing photos and videos. Sometimes fails or errors out, but not too bad. Video creator is mostly automatic but I like the amount of tweaking it provides (adjusting music, filter, and titles).",2025-06-09,https://play.google.com/store/apps/details?id=com.google.android.apps.photos
play_store,"Loved Google Photos. Always demonstrating to people how easy it was to find a photo i.e. 'Dog in a hat'. Now the search has changed to AI and it's terrible. Even changing to classic, the same search will show your photo briefly, then change to 'Nothing found' or a huge list of random garbage. I cannot search anything. So sad. I have thousands of photos in storage. Google was my end all, be all.",2025-02-23,https://play.google.com/store/apps/details?id=com.google.android.apps.photos
play_store,"It won't let me merge peoples labels or import my photos from Google drive. So after another few years of Google photos and drive, I'm about to give up on this service. It's good, yes. But expensive! The amount of duplicates I have of stuff and photos isn't easely mended either. Now that I'm trying to mend all of that and need to download all my stuff from both photos and drive, it's extremely difficult! For some reason Google hasn't got a select all photos! Google takeout is rubbish too.",2024-10-17,https://play.google.com/store/apps/details?id=com.google.android.apps.photos
play_store,"AI replacement got rid of the best editing features. the number one thing as an artist that I used was the perspective crop tool, followed by some of the color adjustments. they were quick at the fingertips and matched quality that you'd get from Photoshop. low and behold after an update these features no longer exist, making this app absolutely useless imo. I don't care about access through any Google platform, the editing tools were what made it. so disappointed in all the AI integration.",2025-08-05,https://play.google.com/store/apps/details?id=com.google.android.apps.photos
play_store,"Why is this update?! So cramming full of AI junk is a reason to remove half the functions of the app? what was wrong with the old one? I now cannot apparently reshape my images properly, most of the use I have for the editing app is reshaping photos I take of my paintings. That is apparently not possible now. The 'AI' auto frame doesn't seem to understand 'square, border images' or have a clue what a user might want from an effort to edit one. Useless.",2025-09-06,https://play.google.com/store/apps/details?id=com.google.android.apps.photos
play_store,"Change is sometimes difficult. Finding specific photos varies between easy and challenging, depending on both Google's and your interpretation of search words. The latest changes have made it more difficult to find photos by people's names.. Those albums have disappeared from easy view; you have to figure out how to find them.",2024-09-30,https://play.google.com/store/apps/details?id=com.google.android.apps.photos
play_store,"*Edit -- Feedback left via the app* Everything is pretty good, but please quit asking me if I want to backup all of my photos every other time I open the app. I pay for the app and use it to backup certain photos, and I don't want to backup ALL of my phone's photos...EVER! Not to mention that another pop-up shows up having my photos selected with a big button to backup and only a small button to reject this option.",2025-02-23,https://play.google.com/store/apps/details?id=com.google.android.apps.photos
play_store,I would very much appreciate it if the out of storage display (for backed up documents) would stop appearing. My photos are automatically backup without my say so. I'm not interested in having most of my docs backed up. I back them up myself. It would be nice if the user can decide what to have backed up. I'm not interested in paying for more backup storage. I would give five stars if I didn't have that problem. It can be very annoying.,2025-01-02,https://play.google.com/store/apps/details?id=com.google.android.apps.photos
play_store,"Google Photos is one of the best apps for storing and organizing photos. It automatically backs up your images, offers powerful search features, and groups faces and places accurately. The editing tools are simple yet effective. The cloud storage helps free up space on your phone. Some features now require a subscription, but overall it’s a reliable and smart photo management app.",2025-07-24,https://play.google.com/store/apps/details?id=com.google.android.apps.photos
play_store,"Horrible app. Having the app downloaded eats over half of your ""free 15 GB"" of storage. Updates constantly shuffle around your photos on social media camera rolls. This app is further proof that I will not purchase a Google smartphone from here on out. If there's one thing I can't stand in photography, it's apps like these that constantly mess with your ability to organize and share your work. Pay for extra storage? That's your answer. Get real and kick rocks Google.",2025-06-24,https://play.google.com/store/apps/details?id=com.google.android.apps.photos
play_store,"It was great but in collections it only sometimes let's me merge faces with collections I already have, most of the time it won't pick up the collections I already have there so have to save lots of groupings of the same person in duplicate names. Edit: I mean that with some faces, when I try to merge, it's not picking up that there's already a grouping with their name on so I have many groupings named the same, although other faces it's fine and their name shows on the 'suggested' list.",2024-11-06,https://play.google.com/store/apps/details?id=com.google.android.apps.photos
play_store,"UI downgrade with latest update. Cropping tools are clunkier and less intuitive. Curved handles on corners are more difficult to use precisely, and some editing tools have been removed. The ""dynamic"" filter now auto crops and straightens the picture, which is usually what I want to do anyway but not always, and now this tool has an unexpected additional effect. Lots of AI based tools I have little interest in added.",2025-09-02,https://play.google.com/store/apps/details?id=com.google.android.apps.photos
play_store,"Used to love Google Photos, especially the Perspective tool that let me fix slanted angles and straighten lines. Now it's gone with the new update, and there's no substitute. Please bring it back. This was essential for editing architecture, scanned documents, and travel photos. Until then, 2 stars.",2025-08-05,https://play.google.com/store/apps/details?id=com.google.android.apps.photos
play_store,"I hate the latest update. please change it back. it takes so long to edit something now because you have to scroll across to access the different sliders and you can only see 2 at a time, so you have no idea how long you'll be scrolling for. Light and Colour options are on different menus and you have to exit one to access the other. I used to use both simultaneously. Who designed this?! Have you purposely made it difficult to use because you'll be releasing a paid version? it's infuriating.",2025-09-25,https://play.google.com/store/apps/details?id=com.google.android.apps.photos
play_store,"I would give this 5 stars for being easy to use and easy to find my pictures, but it keeps insisting on backing up to the cloud. It seems like every other week it asks me if I want to turn on backup, even though I have repeatedly said no previously, and it defaults to yes, making it easy to accidentally turn backup on and filling up my Google account, as keeps happening with my mom.",2025-02-13,https://play.google.com/store/apps/details?id=com.google.android.apps.photos
play_store,"Easy to use and much improved over the years! After the oneui 7 update, the widgets have gone a bit weird and the photos don't resize to the size of the widget, if that makes sense. It's now this super narrow horizontal photo, which kind of defeats the purpose of having the photo widget! Is this a google photos issue or a software update issue?",2025-05-25,https://play.google.com/store/apps/details?id=com.google.android.apps.photos
play_store,"My favorites on my Motorola keep getting removed from that folder for no reason! This is the second time it has happened and as an artist, i use the favorites folder to save my references from my screenshots as a shortcut. It's irritating everytime it happens because then i have to spend an hour diving into the ocean of my almost 4k screenshots to find the reference im looking for. Fix it!!! PS: Please make it to where i can create my own folders, and stop trying to force me to turn on backup!!",2024-10-26,https://play.google.com/store/apps/details?id=com.google.android.apps.photos
play_store,Poor usability. Can't select a bunch of photos to move them to an album AND archive at same time. (Photos have to be reselected for subsequent actions.) App insists on labelling my dog as one that died 15 years ago despite them being different colours. Basic editing options such as cropping and straightening are not as quick to access as they should be. Search terms and results are biased towards North American norms.,2025-07-12,https://play.google.com/store/apps/details?id=com.google.android.apps.photos
play_store,"Extremely aggressive in trying to get me to back up my photos, turned on auto-backup without my knowing, but what's most annoying is when I deleted from google photos to free up space, it also deleted the same items from my phone. I'm mad and disappointed, I want to be able to delete from one while keeping the other. What's the point of a separate storage space if it forces me to have all the same things stored?",2025-05-23,https://play.google.com/store/apps/details?id=com.google.android.apps.photos
play_store,"I like the photos app, but I really don't like the way Collections has a random Places folder that is the first one in the list. I'm not interested in the grouping of my photos by place or accessing them like this and I should be able to delete or move this collection down the list so the folders I want are near the top.",2024-08-22,https://play.google.com/store/apps/details?id=com.google.android.apps.photos
play_store,"Within the past couple weeks, I'm unable to use search - all searches return no results. App no longer grabs search terms from the 'commenting' area where I label important photos or screenshots from the past. I've tried force stop, reboot, update, clear cache - no change. Concerned that clear data or uninstalling will cause photo losses. Can anyone please give me my next SAFE steps to resolve this? Thank you.",2024-09-05,https://play.google.com/store/apps/details?id=com.google.android.apps.photos
play_store,"With the last update or couple, the facial recognition got SO bad. It used to be pretty good, recognizing faces 80% or so of the time. Now within ten pictures of clear faces, it'll recognize 10% or even less. But then I save a photo of a 360p face and it's perfectly recognizable?? Or even a silhouette of a side profile is recognized, yet not a clear face. Please fix the facial recognition. I have so many pictures I'd love to put into folders but just can't.",2025-05-19,https://play.google.com/store/apps/details?id=com.google.android.apps.photos
play_store,"I am on the fence about this app. The new method of organizing is much less user friendly and seems to have missing files. But recently (5 days ago) it updated and yet, at least once a day when I access photos there's a message at the bottom of the screen stating a new version is available. When I click that supposed update, it takes me to the play store and shows it's already installed. So that's fun. Anymore I feel like all Google products and services have taken a dive.",2025-06-23,https://play.google.com/store/apps/details?id=com.google.android.apps.photos
play_store,"After using this app for decades, since it was created, I just turned the backup option off aam quitting it! So much frustration with the aggressive storage sales tactics, which keep re-uploading images I removed from my online storage to free space for new ones. That is an idiotic and unprofessional approach to force me into buying additional storage... Well, I now cut you altogether! Mr. Sunday Pichai - you better step your game up before becoming an obsolete company.",2024-09-17,https://play.google.com/store/apps/details?id=com.google.android.apps.photos
play_store,"Ever since the last update, the app has run incredibly slow and has significantly slowed down my workflow. Additionally, the new editing updates don't give me an option to export to Adobe Photoshop Express (which it did before the update) and the cropping tool is now harder to see margins for cutting. Very disappointed.",2025-07-25,https://play.google.com/store/apps/details?id=com.google.android.apps.photos
play_store,"I went into the app looking for something to send my sister only to discover that it's missing. Just before that I had asked the app to back up my photos to clear up space and it seems a handful had been erased entirely. I'm pretty irritated and now I'm wondering if this is a one time error or how often this happened previously and I never noticed before. I tried all the stuff the ""help"" section suggestions and nothing. Can't find those images or an explanation.",2025-02-11,https://play.google.com/store/apps/details?id=com.google.android.apps.photos
play_store,You ruined a perfectly great app with your recent 2 updates. Collections? They're albums. Memories (here) useless. I don't need the reminders. You keep trying to find ways to force location and place identification. The 'on this device' ridiculous as all are ON this device. Stop the infinitely micro management.,2024-08-31,https://play.google.com/store/apps/details?id=com.google.android.apps.photos
play_store,UPDATED TO 4 STARS I like this app but one thing I wish will be implemented is a private album (like on many android devices) or some sort of other security feature. I don't like the fact that pics I don't want to be seen by others can be so easily accessed. And also when trying to attach pics to MMS it never works.,2025-04-15,https://play.google.com/store/apps/details?id=com.google.android.apps.photos
play_store,"Great for editing, terrible for sharing now. With the latest updates sharing is now buried 5 levels deep in the settings. I'm all for constant improvement, but sharing has essentially been wrecked by the new way that things are organized. All of the prior conversations I had with friends and family are hidden and a pain to access. Feels like functionality for the app was essentially taken away.",2024-12-16,https://play.google.com/store/apps/details?id=com.google.android.apps.photos
play_store,"YEARS WORTH OF PHOTOS GONE!! There is NO separation between cloud save and local files. I had years worth of photos, important information, close memories, all wiped, because Google photos attempted to cloud save, didn't have enough cloud save storage, so instead of just leaving cloud save off or keeping the files locally on my device, IT TOOK PRIORITY OVER MY LOCAL GALLERY FILES AND WIPED YEARS WORTH OF DATA. I will never use Google photos again",2025-04-29,https://play.google.com/store/apps/details?id=com.google.android.apps.photos
play_store,"I just want to crop an image, where has crop gone? I don't want a stupid frame around it. this app gets worse with every update. Going back to Samsung with my next phone, yes there are other apps but Google is too restrictive as a whole, wish I never switched in the first place.",2026-03-25,https://play.google.com/store/apps/details?id=com.google.android.apps.photos
play_store,"App is broken. It used to work fine until a recent update. When you attach an image to a text message about 60% of the image does not appear in the preview, which makes the preview completely worthless. You have to tap on the image to see it. Lots of other people complaining on Google message boards, but Google seems to be ignoring everyone. I'm looking for a new app.",2024-11-30,https://play.google.com/store/apps/details?id=com.google.android.apps.photos
play_store,"THANK YOU for the new update! Also, thanks for adding the alert about backing up the locked folder!!",2025-03-26,https://play.google.com/store/apps/details?id=com.google.android.apps.photos
play_store,"I haven't updated the app for at least a year because every review I read indicates that it has gotten worse. Finally I was forced to do so because no matter what I could not edit photos anymore. Instantly it is worse- a cropped image now no longer magnifies to fit the frame once the crop is made, and the editing tools disappear when you zoom to be able to see the image. Inevitably there will be more downgrades. Something to look forward to while editing.",2026-09-02,https://play.google.com/store/apps/details?id=com.google.android.apps.photos
play_store,"Can we stop adding unnecessary features no one asked for??? I just noticed there are ""Automatic albums"" where it also allows you to archive photos after 30 days, while it may be useful in some aspects, it's completely useless. The automatic sorting isn't even correct 90% of the time. I DON'T WANT my photos to be sorted like that in unnecessary albums named ""Documents"". If you really want to keep this feature, at least make it so we can choose to have it or not!!",2026-09-07,https://play.google.com/store/apps/details?id=com.google.android.apps.photos
play_store,"This is a terrible app. Yet another example of Google hiding basic functionality and usability from their users, whom Google clearly doesn't care for. Prime example: a photo's details used to be easily available, from a simple menu selection, but aren't any more. And no, the swipe up doesn't bring the details up. Just looking to use my phone, Google!",2026-09-15,https://play.google.com/store/apps/details?id=com.google.android.apps.photos
play_store,"The latest version of the app doesn't seem to order pictures chronologically by default any more. Instead, a random recent picture that (I suppose) the Google AI considers somehow ""most relevant"" is placed on top. I don't like this and I would like to kindly ask for at least an config option to switch to a strictly chronological ordering of the pictures.",2026-08-29,https://play.google.com/store/apps/details?id=com.google.android.apps.photos
play_store,"The widget has no album option. it kind of feels like a major oversight because it seems like the most obvious option, but for some reason you're not really given any control of the photos that go up other than faces and moments. Both of those you don't really have the most control over and are curated for you. It's also strange because they don't even have the second obvious one, Favorites.",2026-09-17,https://play.google.com/store/apps/details?id=com.google.android.apps.photos
play_store,"I used to love this app. So many options to edit my photos. The Magic tool is amazing. But over the last year or so, more and more often I edit a photo, save it and it ends up with lines across it or half the picture is purple or other ways it's ruined. I've submitted these issues multiple times over the last 6+ months but no one has ever responded about them.",2026-09-12,https://play.google.com/store/apps/details?id=com.google.android.apps.photos
play_store,"Photos used to be the perfect photos app. it had the best search funding of any app. I used to race iphone users to see how far we could find the same photo and I always won. Now this near perfect search function has been replaced by AI, which not only doesn't return the photos I'm looking for, it actually acts as a stumbling block to me finding them. It's slow and inefficient. Another perfectly good tool ruined in the name of trying to convince us that AI is inevitable.",2026-09-03,https://play.google.com/store/apps/details?id=com.google.android.apps.photos
play_store,"Not intuitive for digital art, which most of my pictures are. The Memories and Face Recognition and such only pay attention to the (very few) actual photos and thus are not helpful. AI tools are trash. If this app wasn't conveniently synced to my Google account I would uninstall and find something else. Also, make the ""folders"" button easier to get to, and then STOP MOVING IT AROUND! And stop rearranging the order of the *comic panels* in my *album*.",2026-09-16,https://play.google.com/store/apps/details?id=com.google.android.apps.photos
play_store,"why would you take away the ability to share multiple photos at once? I had to send 10 separate emails, with one photo attached a piece, because you took the ability to share multiple photos away! Such a stupid change. In response to Google. No you can not. when you click on a single photo now, you get a share button, if you select multiple photos, the share button is no longer there after the update",2026-09-11,https://play.google.com/store/apps/details?id=com.google.android.apps.photos
play_store,"Even with the latest updates, it would not let you edit or add location to the backup photos. Some of the photos detected the wrong person or pet or face, and again, it would not let you edit with correct categories. There are many little things like that they need to be more detail oriented when they come out with new/update version.",2026-08-22,https://play.google.com/store/apps/details?id=com.google.android.apps.photos
play_store,"this app worked great until recently. now anytime I crop or edit a picture in anyway, it no longer shows up on my camera, recent photos, or any other album in other apps to post. I thought it was a Facebook issue but as it turns out the photos no longer show up on fb, Lightroom, Vinted, eBay, etc. which is pretty inconvenient if you want to post something. none of the recent updates have fixed this issue. before it was a 5/5 now it's a 3/5 please fix this bug!",2026-09-16,https://play.google.com/store/apps/details?id=com.google.android.apps.photos
play_store,"just leave it alone already. key moments, sticker suggestions, random photos bigger in the grid, notifications. like, dude, this is a photo gallery. not social media. store the photos, display the photos, and then leave me alone. look, go ahead, try stuff out, whatever. at least give me a toggle so i can turn this nonsense off. you harvest every byte of data from every human life and NONE of it shows that you guys are ruining things? seriously, just stop. it was fine as it was YEARS ago.",2026-09-15,https://play.google.com/store/apps/details?id=com.google.android.apps.photos
play_store,"It would be really great if we had an option to see ""unsorted"" photos - photos that are NOT in an album. OR see a label on the photo which states the album it is in (maybe on a toggle). It would also be great if we could choose which albums from our phones auto backup to Google photos!! love google photos, some upgrades would be nice. Or even a tag system where it shows the tag on the photo. Just a way to actually organize photos!! Please.",2026-08-30,https://play.google.com/store/apps/details?id=com.google.android.apps.photos
play_store,"I have issues uploading pics to an app, if I edit the image at all (for example, I'll take a pic and my phone likes to rotate it the wrong way) I'll rotate the image upright, but if I do that, it wont upload to the app I use for work. My workaround has been to screenshot that image, then for whatever reason, it doesn't care that I edit THAT image. I can crop, mark-up, etc and it'll upload at that point. App is Service Titan (Field).",2026-09-16,https://play.google.com/store/apps/details?id=com.google.android.apps.photos
play_store,"Google photos has always been an amazing gallery app, especially for the memories and moments. But I can't get over the fact that they made all the music in memories, vocal music and I can't change it back to that instrumental music that had that nostalgic feel of past moment's... Google, please add a feature to the app so we could personalized and set the music to Vocal or Instrumental for memories! Thanks.",2026-09-18,https://play.google.com/store/apps/details?id=com.google.android.apps.photos
play_store,App freezes/crashes every time I go into collections. it's nearly completely unusable. I went online to find help and it's an issue other people are having but there's no workable solution and doesn't seem to be widespread enough to hope for a patch. I tried emailing the support email listed in the play store but it isn't monitored anymore because google doesn't care about users on its free services. I have tried everything I can think of but nothing helps.,2026-08-23,https://play.google.com/store/apps/details?id=com.google.android.apps.photos
play_store,"Since last update, the app messed up with my photos a lot, deleted some of my memories. Is that so hard not to delete photos that I probably have there for a reason? Separate issue, is how much that app relies on ai to create albums and sort out people. All ai features are clearly underdeveloped and forced on a user. I can give an example with the way it sorts people in albums. It considers one person, as different people and doesn't allow to manually insert photos to distinguish the person",2026-08-24,https://play.google.com/store/apps/details?id=com.google.android.apps.photos
play_store,"I truly hate how pushy the app is when you run out of storage, I have no intention to buy more than I'm paying for now and it keeps telling me how I'm going to lose my photos whenever I open it, there needs to be an option to shut up about that and let me manage in peace. I've been a long time customer and I have been paying for 200 gb for years now. There needs to be an option to turn off the reminder to buy more and I will change my review.",2026-08-24,https://play.google.com/store/apps/details?id=com.google.android.apps.photos
play_store,"Fix Google Photos, PLZZZZ! It used to be my favorite, GO TO for photos until a few weeks ago. I'm an artist, photographer, and major ADHD - I have come to rely on GP so much it's almost 2nd skin, and saved me so much time & hassle.Now, I can't even find all of my photos, albums, etc. Most 🤬 is not being able to just pull up a photo and attach or insert anywhere. Just spent over 1 hr trying to find a photo I had taken of an order that the seller asked for me to upload a pic. (Still can't)",2026-08-22,https://play.google.com/store/apps/details?id=com.google.android.apps.photos
play_store,"I used to love Google photos but now thinking of moving to iOS thanks to the latest update that doesn't let you have a 4 across grid anymore. Instead the only options are 3 or 5 across and random photos are massive, disrupting the basic grid and making it difficult to select photos in a chronological order. Just a small change that renders the whole app really annoying to use.",2026-09-15,https://play.google.com/store/apps/details?id=com.google.android.apps.photos
play_store,"Please put the monthly view back to small thumbnails only. The random large photos are incredibly annoying and you can't see the chronological order clearly. Please!! - You have responded to my review but missed the point of what I am saying, we want small thumbnails in the most zoomed out view, no random large photos inserted in the view, it is so annoying and no one needs it when scrolling through large amounts of photos!",2026-08-13,https://play.google.com/store/apps/details?id=com.google.android.apps.photos
play_store,"There have been multiple recent updates and there have been many editing options that have been created. They are great options! However once you edit a photo even just a little (like cropping), the photo frequently becomes unavailable for posting in another app. You get a message that the photo is processing and this can take hours. So, essentially you can't edit a photo if you want to use it immediately in some other app, which is of course often the point of editing a photo. 🤦‍♀️🤷‍♀️",2026-07-25,https://play.google.com/store/apps/details?id=com.google.android.apps.photos
play_store,"Why can I download some stuff and other stuff, no. It'll just say downloading when I click on it but nothing. Sometimes I'll get a notification like 30 minutes later saying unsuccessful but it's completely random. I don't know why, there's no clues. it's annoying as hell. It can be the same batch of videos from the same day of the same thing, same album. Let's say out of 10, only 7 will download. The others are in some weird download purgatory. At least on mobile.",2026-07-10,https://play.google.com/store/apps/details?id=com.google.android.apps.photos
play_store,"This app continues to get enshitified. In 2026 I thought I could send an album to Google photos without any issues but that's not supported. Instead, I selected each individual image and uploaded them thinking they'd be easy to find under recently uploaded. They were not. They were mixed in with my thousands of other pictures, which I'm obviously not going to look through. I'm just going to use another platform to make an album in the cloud. Crazy Google photos can no longer do that with ease.",2026-08-20,https://play.google.com/store/apps/details?id=com.google.android.apps.photos
play_store,"The latest forced update has totally ruined the interface and usability. I pay for additional storage and have over 20,000 photos stored, and have always been able to set all thumbnails the same size which is essential to be able to scroll through lots of photos. Now every few rows there is a random photo 6 times the size of the rest. This change is pointless and makes it much harder to find the photo I want. I may need to find another app and pay for storage elsewhere",2026-07-17,https://play.google.com/store/apps/details?id=com.google.android.apps.photos
play_store,A year and a half on from my original review complaining about its insistance that I use 'backup' and a few updates later and this app has continued trying to get me to turn on 'backup'. It's well over a dozen times now! I don't want to use Google backup/storage at all so why keep insisting I use it? Once more and I disable the app and use a different one for my photo's!,2026-08-13,https://play.google.com/store/apps/details?id=com.google.android.apps.photos
play_store,"In the more section of the app, I can no longer send, print, email, etc. I have tried everything. Every time i download photos from google messages, it doesn't go in the same day I downloaded it. It downloads whatever month or year they took the photo, which is annoying. It takes take me forever to find it. Every update it gets worse. Are you listening to what people are telling you. Stop sending us links to try to fix the problem you caused. That's what you get paid for.",2026-07-14,https://play.google.com/store/apps/details?id=com.google.android.apps.photos
play_store,"Every update the app gets worse and worse. The options less and less. And AI slop more and more. I can no longer assign faces, the primary reason I enjoyed the app. Oh but I can steal art styles from hard working artists and make a lifeless recreation of an important moment. Gee. Thanks. -_- --- I wish I had the option to delete the photos in the archive suggestions rather than have to dig around and find them and delete them. I also wish there was a way to delete duplicate images.",2026-08-04,https://play.google.com/store/apps/details?id=com.google.android.apps.photos
play_store,"This app DOES NOT duplicate photos, so if you plan on keeping your photos in the original app you were using, you won't. All of my albums are missing photos because they were taken and placed into google photos, once restored all the photos are mixed together. Also when the photo is ""stacked"" it only restores one photo. I have over 7,000 photos I was transferring and now everything is so disorganized and there's no easy way to fix it without spending hours trying to figure it out. I am so upset!",2026-08-06,https://play.google.com/store/apps/details?id=com.google.android.apps.photos
play_store,"I edit a photo, save and it no longer shows up in any social media apps to share. The only work around is deleting from device and redownloading. Or saving as a copy but I prefer not to clog up storage. If I edit the same photo twice and save (not save as copy) then the image self duplicates into 3 copies. Never had an issue until recently, please fix. edit to response; that does not solve the root of the issue, only an extra work around. I am on the latest version of the app.",2026-07-07,https://play.google.com/store/apps/details?id=com.google.android.apps.photos
play_store,"Honestly, Most of the updates were bearable, the save as copy for every edit sucked, and the rounding of the corners for the crop tool was a little finicky but bearable. now the most recent update, it's horrible, I much preferred the previous layout, where I could properly see what photos were taken when, but now the only indicator is the little bubble at the top saying when, and then the floating bubble to navigate collections and homepage also doesn't look great.",2026-07-10,https://play.google.com/store/apps/details?id=com.google.android.apps.photos
play_store,"Baffling UI choices continue. Want to easily find a photo from a certain date using easy visuals? Tough. It's now a homogeneous mess that just dumps all your photos together with no separation. It gives a vague date at the top, but you might have three photos in a row from two different days. Don't worry, that doesn't matter because now photos uses ✨AI✨ because of course it does.",2026-07-19,https://play.google.com/store/apps/details?id=com.google.android.apps.photos
play_store,"Just Terrible for the Users. No adjustments can be made for my convenience. It's the Apps way or No Way! can't delete from Google storage from the app, and just a crazy incomprehensible organization of photos and videos. This is what happens in Monopolies. They only care about franchising your data, not catering to your needs. ask yourself, when was the last time this app made finding my pics easier without paying a privacy price? Never is my answer.",2026-08-19,https://play.google.com/store/apps/details?id=com.google.android.apps.photos
play_store,"My photos are disappearing. I've been using Google Photos for years and even bought extra storage, but for the past four months, I've regretted not just getting a flash drive instead. Many of my photos have vanished, including ones that were very important to me and my family. It's particularly upsetting regarding photos from when my children were younger. Given all the issues with these companies, including their hacks and overall practices, this situation is really frustrating.",2026-08-13,https://play.google.com/store/apps/details?id=com.google.android.apps.photos
play_store,"I'm so flipping frustrated, every time I take a photo a little too similar to the last one or hold down the button, it stacks them. And every time I look for a button to unstack it, I can either never find it or it doesn't exist. it takes up so much storage; Please fix this, I press every button on that photo, and even the stack itself and I can't fix it. Also, I just don't want the usage of ai on a photo app, it's unnecessary and I wish I could disable it.",2026-08-17,https://play.google.com/store/apps/details?id=com.google.android.apps.photos
play_store,"Comparing to Flickr the upload and organization feature is better. Loved the mini AI tool - the Assistant of suggesting artifacts. Liked the app and love to have more better UX in next releases, though it's still a good one. +1 BTW, would love to have the feature: Local photo vs. Synced photo filter will let us easily distinguish the non-synced items, instead searching through all the mess.",2026-09-19,https://play.google.com/store/apps/details?id=com.google.android.apps.photos
play_store,"So annoying!! Yes I know I'm out of storage. The app completely inundates you with annoying popups, reminding you that you're out of storage, making it impossible to actually, you know, clean up space. I'm going to download all of my photos and videos off of your service, delete the app and never use it again because you annoyed me so much",2026-09-01,https://play.google.com/store/apps/details?id=com.google.android.apps.photos
play_store,"Pixel 4XL User. Storage is a mess. Drive indicated GBs used but cannot see specific items. Thumbnails also do not load. Making pictures a grey box and for no reason at the top of the album. This only happens on Android version. PC is fine. Please Help. For Pixel 5 or lesser users, you still have unlimited storage with lessor qualify. Careful with your Data. When adding a picture to an album, the app will upload your photos to sync online even when set to WiFi only.",2026-09-14,https://play.google.com/store/apps/details?id=com.google.android.apps.photos
play_store,"The photos aren't lost, they are 6 yr old photos that are present in the Google Photos Cloud. I restored them to a phone so I may edit them and use them. Restored images are sitting on their original calendar dates instead of the top. How can you expect anyone using a photo editing app or other app to spend time scrolling through 2026 to 2020 images when they have a lot of images? It never used to be like this. Your links are not relevant to the issue. Something changed on the backend. Thanks",2026-09-07,https://play.google.com/store/apps/details?id=com.google.android.apps.photos
play_store,"I am paying for Google photo storage for 3TB.... yet there is no customer support to help you when the features don't work. I finally got all my photos uploaded and the face recognition stopped working. it does not see that there is even a face....and when it does, it is not automatically tagging a person. I have face groups turned on, I have cleared the cache, and sent feedback multiple times with requests to email me to troubleshoot.... but I get no help.",2026-08-30,https://play.google.com/store/apps/details?id=com.google.android.apps.photos
play_store,"Photos is forcing AI generated ""creations"" that use your photos. If you want to use the image search and ask questions about pictures, you have to have this enabled. There is no way to disable it. I have turned everything off except the AI itself so I can still image search, but it is analyzing my photos without me telling it to. And it's generating extremely ugly AI images and pinning them at the top of my gallery in giant tiles that can't be hidden... Yet another awful addition in a long line.",2026-07-08,https://play.google.com/store/apps/details?id=com.google.android.apps.photos
play_store,"I don't think I've used a more unwieldy app in my life. No finer control as to what counts as the ""Camera Roll"", so by default, Google Photos for some reason sees restored photos as ""Camera Roll"", leading to duplicate backups everytime I download a photo. Reverting back to original simply doesn't work. The app does not have a notification for downloading, so there is no way to tell how far it is or to stop it. And now the app won't load my photos. I might switch backup providers at this rate.",2026-09-01,https://play.google.com/store/apps/details?id=com.google.android.apps.photos
play_store,"Incredibly tedious, barely fit for purpose, frustratingly slow. • Often takes 30-60 seconds to change a photo's tag. • Can't manually add people or pets if Auto-tag fails. • Can't see long photo names. • Can't highlight multiple photos to re-tag, can only re-tag an entire album or one-by-one. • Can't auto-tag local media, only media uploaded to Google Photos. • Often returns to the main screen when backing out of a photo instead of album or group. Breaks workflow.",2026-08-19,https://play.google.com/store/apps/details?id=com.google.android.apps.photos
play_store,"Another Google app that's becoming more and more infuriatingly unusable by the day. I love the Gemini app itself and I pay an additional fee for it, but when integrated into other Google Apps such as photos it just plain sucks. 😢 in particular search functions now terrible I can't find any photos of looking for and most of the time the deletion and creation of new photos are impossible to sync up between my iPad and my Google pixel phone. integrating Gemini into so many apps so fast seems to",2026-09-13,https://play.google.com/store/apps/details?id=com.google.android.apps.photos
play_store,"I use to love this app but I don't know what the heck you guys have done to it but it's become utter rubbish. It lags when loading a photo, I have to close it and come back to do anything with another photo or if I try anything with one photo straight after another, it does load it at all. Can you please undo whatever you did, it was perfectly fine until you guys decided to ""improve"" it.. or fix something that wasn't broken. c'mon Google, get it together.",2026-07-17,https://play.google.com/store/apps/details?id=com.google.android.apps.photos
play_store,"Changes in app aren't reflected in Google photos on desktop. I only used the app because I can't see stacks of photos in the browser version. I thought this would be a good way to find and remove duplicate photos, since Google still does not have a duplicate removal tool. (I assume that this is because they want us to waste space in our accounts, so we have to pay for it.) After using the app on my Chromebook, I was disgusted to find that none of the photos I'd removed had actually been deleted.",2026-08-24,https://play.google.com/store/apps/details?id=com.google.android.apps.photos
play_store,"The app is absolute garbage. Apparently it saves your files to the cloud and when you remove them, the files are also removed from your device. and Google purposefully made it so that no contact could be made with them directly for this issue or really any issue. i keep getting notified about the storage from Goodle being low and that the options are to remove files or to pay for more storage. To basically continue to send or receive emails.",2026-07-21,https://play.google.com/store/apps/details?id=com.google.android.apps.photos
play_store,"It's an alright photos app. The albums are meh, and it honestly has too many features that are mostly pointless. Let me disable stuff like memories to just see my photos. I don't care about the extra BS that you're forcing into the app. I just want an album view, full stop.",2026-09-13,https://play.google.com/store/apps/details?id=com.google.android.apps.photos
play_store,"I'm a long time, heavy user of Google Photos & an Alphabet stockholder. Until yesterday Photos took <1 second to delete photos. Last night I downloaded the latest update. Now it takes 20 seconds per photo. Will Google ever learn to not screw up something that is working perfectly well, i.e. your Search! IF IT AIN'T BROKEN, DON'T ""FIX"" IT. What is wrong with y'all??",2026-09-17,https://play.google.com/store/apps/details?id=com.google.android.apps.photos
play_store,"First of all, when people write a review, they are looking for a solution, not for an evasive reply (""yea, yeah, whatever. Next!) Your app has basically hijacked my pictures. Every time I open it, it will give me a screen telling me to continue using the arrange my photos by face group, or something like that. No opportunity is provided to ""proceed"" or ""decline"" this feature. Basically, I no longer have access to any graphic information that was created, copied, downloaded, or produced.",2026-07-06,https://play.google.com/store/apps/details?id=com.google.android.apps.photos
play_store,"I used to really like this app to edit my pictures, and although I still use it because I think it is the best, one of the features I used for almost all of my edits is very bugged. Every time I try to use the Unblur feature, many lines appear. This never happened until a recent update. It stopped doing it for a while but now it's back and it's very annoying because I want to unblur some pictures but random lines keep appearing.",2026-08-15,https://play.google.com/store/apps/details?id=com.google.android.apps.photos
play_store,"Why have thumbnails of different sizes for photos. I dictate which of my pics are important, NOT Google. Even then, I want an easily browsable system, not a social media wannabe with useless ""Remix"" and ""Memories"" features. Just be the damned file system you are supposed to be. Can't even swipe to select multiple anymore. Also, there is not an option to have your photos ONLY on device. No, I don't need to pay for more Google One storage when my phone has 300 free gigs left for photos and videos.",2026-07-30,https://play.google.com/store/apps/details?id=com.google.android.apps.photos
play_store,"The one plus side, it stores my photos. The negative is that when ever I click download to put them back into my gallery it never works. like what's the point for storing your photos when you can't redownload them when you want? it's clearly an app issue but it's been an issue for years. Also the copying to my Galaxy gallery isn't really an option? I just have a download option.",2026-07-07,https://play.google.com/store/apps/details?id=com.google.android.apps.photos
play_store,"It's mostly good but some photos don't have my face highlighted or those of other ppl. There's no way to manually add a face so when I go to look up pictures of myself for sharing, etc. those photos aren't available and I have to scroll to find them if I don't know the date. Very inconvenient. Pleeeeeease add a manual face adding option.",2026-07-20,https://play.google.com/store/apps/details?id=com.google.android.apps.photos
play_store,"I don't know how this hasn't been addressed yet, but there has to be a way to stop the little motion preview you get while swiping through motion photos!!! Even with autoplay motion toggle off, there is still a second long preview of the motion in the photo for some reason! It's frustratingly annoying! Especially when trying to swipe through and compare multiple similar photos to see which ones are best, its so jarring that you can't even see the differences fast enough because of the motion!",2026-07-03,https://play.google.com/store/apps/details?id=com.google.android.apps.photos
play_store,"along with the Constant bugs I have with the phone in general, pixel 10 pro XL, now I can't even crop an image without the app shrinking the image to the point I can barely see it, then when I take my finger off the screen, it jumps back to the original size and the edit is completely wonky. I thought Google was supposed to SET the bar for Android phones, not cause people to switch OS entirely. 👍 edit: you can pass the feedback along to the teams. It's literally your job. 🫡",2026-07-29,https://play.google.com/store/apps/details?id=com.google.android.apps.photos
play_store,"Horrible layout now with odd photos extra large. I want them all thumbnail size. Looks horrible and delete is now messy as they aren't shown in time order properly now. The first ""big"" picture shown for the month isn't even the first picture of the month - it doesn't even arrange them chronological order now thanks to the developers idea of ""design"". A mess.",2026-07-30,https://play.google.com/store/apps/details?id=com.google.android.apps.photos
play_store,"I used to love this app at first. Then Google started making changes and the editing tool became very frustrating. So I disabled auto updates and stripped the app back to the factory version, and this worked fine for a number of months. However, the latest Android update seems to have not only overridden the no-update instructions but also made it impossible to go back to the factory version! I'm fuming.",2026-07-31,https://play.google.com/store/apps/details?id=com.google.android.apps.photos
play_store,"Terrible update (mid July 2026). The photo grid used to be separated day by day with a checkbox to select a whole day's photos, which was exactly what I did when I wanted to share a day's photos (or a few days photos with only a few taps. it's now just one big glob of photos which make it really difficult to see when one days starts and another day finishes, and makes selecting a real faff. Please put the date separators back in!",2026-07-20,https://play.google.com/store/apps/details?id=com.google.android.apps.photos
play_store,The face tagging feature is poor and it's had the same issues for years. Unable to tag faces it doesn't detect. Unable to change the name of faces it's tagged wrong. Each tag has loads and loads of random other photos tagged under the same name when they're not even remotely similar. Very very disappointing. Even worse that they've never even attempted to improve it.,2026-08-06,https://play.google.com/store/apps/details?id=com.google.android.apps.photos
play_store,"The last time I was facing an issue where the ""Places"" folder in the collections tab would vanish from the app a few seconds after opening Google Photos. A new update has fixed that but has now broken another. It's now the ""Documents"" folder in the collections tab that keeps disappearing a few seconds after. I have never experienced issues with either the pixel or the Google photos app. It's so frustrating with no solution in sight that I might be forced to switch off to some other brand.",2026-07-08,https://play.google.com/store/apps/details?id=com.google.android.apps.photos
play_store,"Google photos is the only option my phone came with. It's been fine until this last update. Before the last update, when you opened the app your photos would be shown by month/year taken so you only needed to scroll down to see older ones. It was easy and organized. With the new update, the organization is gone. All photos/videos are now shown in a haphazard mess. Sad. This app came with the phone and cannot be deleted and replaced.",2026-07-11,https://play.google.com/store/apps/details?id=com.google.android.apps.photos
play_store,"everything worked great until the last update. now my photos won't show in the app. Works perfect with an older version of app, doesn't work with new version. Google one support has been no help. Older version works as expected, then update app, exact same settings, sign in, doesn't work. there is a problem with v7.83. response: my photos are not 'missing or lost'. they are visible in the PC web interface. They are visible in older versions of app. They are not visible in new version.",2026-07-22,https://play.google.com/store/apps/details?id=com.google.android.apps.photos
play_store,"I only find one thing annoying, and that's the day/time arrangement. Let me explain: For instance, I downloaded a pic at 12:55am on the 27th of July. Then I go to Photos and find it saved all the way in 5:32pm on the 5th of May, 2012. I updated the app hoping that this problem will be fixed, but it got worse. Please find a way to sort out this issue, it's really a piece of work to deal with.",2026-07-27,https://play.google.com/store/apps/details?id=com.google.android.apps.photos
play_store,I particularly do not like the bar across the screen after you delete a photo that stays for ages. I also do not like the amount of the screen covered by the status when you are watching a video. Both of these are really significant if you are in landscape mode. the question is will the new version be any better. I do not like the idea of having to do save as for pictures as well as videos,2026-08-18,https://play.google.com/store/apps/details?id=com.google.android.apps.photos
play_store,"New: ""Deleting from device"" even though it is backed up just deletes it from my photos. No longer showing any of my older photos that are stored in the cloud, but my ""best of"" highlights end up showing more than the photos that are showing up. View day on said highlights lead nowhere. I have paid for extra storage for years to be able to access these files whenever but am no longer able to do so. New update has not fixed any of these problems, nor has the advice given in the reply.",2026-07-11,https://play.google.com/store/apps/details?id=com.google.android.apps.photos
play_store,"Search doesn't work like it used to, so it kind of makes this app worthless to me! With nearly 60k photos I can no longer search for SOME family and friends names in label descriptions I've make over many years, very frustrating. I've contaced google and they cannot find a resolution! Oh, and also something new, the app actually erases what I type on the description! I have to remember to copy text so I can cut and paste, or I have to retype everything!",2026-08-09,https://play.google.com/store/apps/details?id=com.google.android.apps.photos
play_store,"What have you done to this app? I noticed that a couple of my album covers have been changed; not by me, and the simple instructions for changing album covers seem to have disappeared. The instructions for changing wallpaper remain; thankfully you haven't seen fit to change that unasked. Another case of it's not broken, so let's break it?",2026-08-17,https://play.google.com/store/apps/details?id=com.google.android.apps.photos
play_store,"Been steadily getting worse for years, dressed up as being smarter. Any setting I choose or directive I issue I mean absolutely unconditionally, but the app invents ""but I know better"" options. To be clear, devs — on a roaming mobile network of bad quality with 3% battery at silicon-melting temps, if I say to backup a 1TB file now, I mean fully saturate my upload bandwidth immediately and until the phone is dead, even if it's dead forever by my choices.",2026-07-27,https://play.google.com/store/apps/details?id=com.google.android.apps.photos
play_store,"Was pleased with this app when I first started using it, as I could create and edit my people library. However, I have not been able to create or edit people for some time now. Keep getting error message saying: Trouble editing people, please check your Internet connection and try again. There is nothing wrong with my Internet connection. Please fix this issue so that I can continue to create and edit people.",2026-07-03,https://play.google.com/store/apps/details?id=com.google.android.apps.photos
play_store,"God, I Wish there was another app I could use as my primary. This has got to be THE MOST USELESS photo managing app I've EVER seen. It needlessly splits photos up arbitrarily between seperate albums in a seemgly random order, asks me if I want to backup my photos and MANY other popups that a photo app doesn't need, EVEN AFTER SAYING NO EVERY TIME, like, I JUST want to look at my photos- nope. popup. I want to see ALL my photos? nope. randomly split between 5 seperate albums. why? who designed it",2026-08-15,https://play.google.com/store/apps/details?id=com.google.android.apps.photos
play_store,"Google Photos is and always has been a very great tool for managing your photo gallery and syncing it between devices. However, I'm not super fond of the AI stuff everywhere. I wish there was an opt-out toggle. If I want AI to edit my photos, I'll go to the Gemini app for that, not Google Photos, because AI doesn't belong there.",2026-08-07,https://play.google.com/store/apps/details?id=com.google.android.apps.photos
play_store,"love it! Google Photos has been my go to for as long as I can remember! it's got many new overhauls and totally cool additions such as AI, although AI can definitely flub some photos or assignments 😂 but for the most part it's great and free but once you get to a certain amount of photos like me.... you need to start paying monthly for storage it's really not that much thank God .. plus they have sharing and albums and they will make memories! and we can share comment and keep forever! love it",2026-08-21,https://play.google.com/store/apps/details?id=com.google.android.apps.photos
play_store,I have a problem. in the app it only shows about 1/20 of the photos and videos I actually have. buy if I go to photos in a browser it shows all of them.. this has been happening for years. I don't know how to fix it. all emails and feedback are disregarded or are ignored completely. so ive started using terracotta. one terabytes of storage free.,2026-08-07,https://play.google.com/store/apps/details?id=com.google.android.apps.photos
play_store,Where are my missing album pictures that I uploaded from my Galaxy phone !Still missing!!! Also all the pictures I purchased from you in your photo book Gone! Titled albums do me no good when my pictures I had in them are missing!! Hope they find my photos or I will never use this again! It's been months now !,2026-09-18,https://play.google.com/store/apps/details?id=com.google.android.apps.photos
play_store,"UI updates make the app more confusing to navigate. I like Google photos, I pay for the storage and everything but sometimes I want my gallery app to just be a gallery app. At times it feels like I'm being forced into using the online workflows which is frustrating when all I want to do is share like 30 pictures I took today that are still on my phone. But photos can only actually share three of them at random and it just makes no sense.",2026-08-26,https://play.google.com/store/apps/details?id=com.google.android.apps.photos
play_store,"6 years of photos and videos were completely removed after the recent update. There is no help to retrieve these files. And from what I see in other reviews, you guys don't care to make a proper remedy for this issue Update: I just got a response with absolutely useless links. ""Thanks"" for the half baked effort tho",2026-08-31,https://play.google.com/store/apps/details?id=com.google.android.apps.photos
play_store,"Something annoying happened in the recent version! I usually edit pictures and send them to friends. Now, after I edit them, although I see them in the gallery, when I try to choose from FB or Whatsapp - I can't find the edited ones at all! I tried to search in different folders - nothing... Update after the developer's replay: I waited enough time, the photos didn't appear in my gallery till now (after a week!) And even more - I see them in the gallery on my old Pixel 3",2026-09-11,https://play.google.com/store/apps/details?id=com.google.android.apps.photos
play_store,"I generally love the app and the memories that is pulls up however, I am reasonably upset that the compilations that the app puts together that play a song over the original audio of the video and there is no setting to remove it without having to jump through hoops for each and every video. Google, please fix it.",2026-09-12,https://play.google.com/store/apps/details?id=com.google.android.apps.photos
play_store,"The App Was Good For Sending GIF And Photos In Games, But Forbids Me From Sending Any GIF to certain games I have currently, which currently they are not inappropriate, there been updates with that and to the fact that it not letting me send any GIF in Games. Every Time I Find A New App To Replace It, It Still Shows The Same Exact Thing. The Protection and Sending was good for once, but the GIF Part Needs Fixing In Certain Games. Overall I Give It 3.2 Stars, Because it needs fixing but good.",2026-09-06,https://play.google.com/store/apps/details?id=com.google.android.apps.photos
play_store,The fact there's no option on this app to redownload all of the backed-up photos or even distinguish them easily from those on the device yet to be backed up makes this app complete trash. I've also lost god knows how many photos thinking they'd been backed up (after I specifically backed them up) just for them to disappear forever. This app is genuinely worthless.,2026-09-04,https://play.google.com/store/apps/details?id=com.google.android.apps.photos
play_store,"Recently broken. Earlier it used to work seamlessly. Now when trying to create a highlight video, after selecting the persons, takes hell lot of time for loading(By the way I am using S24 Ultra and a 1GBPS Wifi), and then boom.....just goes back to template selection page. The reason I started using this app suddenly became useless.",2026-09-05,https://play.google.com/store/apps/details?id=com.google.android.apps.photos
play_store,"Latest update applied (9/17/2026) has corrupted my SD card in my Android phone. All was working fine until the update was installed today. Opening Google Photos caused my SD card images to be resorted, then disappeared, and apparently unmounted the SD card. Both Android & Google Photos want to format the SD card when the ""fix"" prompt is clicked. Avoid the update until the bug is corrected in the next build release.",2026-09-17,https://play.google.com/store/apps/details?id=com.google.android.apps.photos
play_store,"I like the whole timeline idea and a few of the other features. I would really like to see a folder option to group up similar albums. Instead of having one family album with 500+ photos, being able to break them down by family member specific albums in a family folder ect.",2026-09-15,https://play.google.com/store/apps/details?id=com.google.android.apps.photos
play_store,"One of the main things I really like about this app and use it for is face grouping and that is getting worse and worse. I've followed all the steps to refresh and allow the app to process the faces, but for some reason pictures with very clear faces aren't getting grouped and aren't getting registered as faces so I can't even manually add them. Please fix this, it's so frustrating. Thank you Google for your useless response, I've already tried everything and it's included in my review.",2026-09-01,https://play.google.com/store/apps/details?id=com.google.android.apps.photos
play_store,"edit: I fixed the problem, used an apk to download version 7.90! the last update to the UI has made this app unusable. I cant find any of the photos im looking for, things are no longer grouped by date, some photos dont show up at all in the main grid and now i have to dig in collections to find them, theres so many more issues too. the app worked amazingly before this update, I will look into downloading an older version and recommend others do the same or avoid updating if you havent yet",2026-09-09,https://play.google.com/store/apps/details?id=com.google.android.apps.photos
play_store,"Google Photos is an excellent app for storing, organizing, and backing up photos and videos. The search and automatic organization features are very useful, and it makes finding old memories easy. Overall, a simple, reliable, and user-friendly photo storage app. Highly recommended! 📸✨",2026-08-27,https://play.google.com/store/apps/details?id=com.google.android.apps.photos
play_store,"It's terrible, it backs the pics up before I get a chance to edit them, then I can't find then again to save my storage space. Worst app ever, shame on you google. Thanks for the advice on how to use the product correctly . I still have trouble, I just don't whinge about it so openly, anymore.",2026-09-07,https://play.google.com/store/apps/details?id=com.google.android.apps.photos
play_store,"Unable to separate folders and the continued invasion of privacy. I have a few folders/albums on my hard drive that operate as my client's photoshoots. Saved as a backup in case my main laptop dies. Well, I give limited access to my Photos And Videos (all my personal albums), all the albums EXCEPT my client's folders. Google Photos won't let me see my own backed up photos because I don't give it UNLIMITED access to ALL of my folders, including my client's.",2026-08-31,https://play.google.com/store/apps/details?id=com.google.android.apps.photos
play_store,"Please bring back the face tracking/auto-zoom feature in Google Photos! On my Pixel 6, I could select a subject’s face in a video, and Google Photos would automatically zoom in and follow the face throughout a selected part of the video. I’m now using a Pixel 8 Pro, and I can’t find this feature anymore. It was incredibly useful. Please bring it back!",2026-09-12,https://play.google.com/store/apps/details?id=com.google.android.apps.photos
play_store,"I hate this app.. I'm literally getting frustrated by the fact that my google photos couldn't keep up with the amount of photos I had in my internal phone, even though I bought the extra storage. This caused to stop sending me any emails and I couldn't do anything about it. Why do you guys need to make it so hard to unsync google photos or let me delete it from that app without it affecting my phone gallery? It's complicated to do and I am so upset with how this turned out.",2026-09-05,https://play.google.com/store/apps/details?id=com.google.android.apps.photos
play_store,"used to be great photo program. now garbage. other friends also saying same thing. even tried uninstalling and reinstalling. now wants access to everything and ability control phone settings. for what? this is a photo and edit program. software inclusions of eraser ,unblur and others aweaome features used to work great... now get circle of death and nothing adjusts. as usual companies screw with the programs software and make a program complete garbage. wll find something else to use",2026-09-04,https://play.google.com/store/apps/details?id=com.google.android.apps.photos
play_store,"i get most photos duplicated, probably related to sync. some photos temporarily disappear. and I'm on pixel, even Google-Google doesn't work. also when i try to edit already edited photo i can choose from cancel and edit original. why can't i continue editing where i left off. when i use perspective crop on ultra hdr picture, the units hdr gain map is shifted. so many bugs this app, and not small ones.",2026-09-08,https://play.google.com/store/apps/details?id=com.google.android.apps.photos
play_store,"This is the worst change I've ever seen, this dynamic photo view is AWFUL! If you're going to push things like this out, give us the ability to turn it off!!! if I could use another app on my pixel I would. THIS actually stopped me from ordering the new 11 pro. I question why I'm putting myself through this nonsense to be a beta tester of software for a $1200+ phone. pathetic",2026-08-25,https://play.google.com/store/apps/details?id=com.google.android.apps.photos
play_store,Google Photos: The Best Photo Application. I've had experience using Google Photos and I won't use any other application as well as storing your previous memories of your life. Also I'm amazed how colleges are easy to do.One more feature is with the Google Photos you can bring your photos to life with the cinematic feature with in the app and easy to use. Thank you user from 2019-;2026 👍,2026-08-26,https://play.google.com/store/apps/details?id=com.google.android.apps.photos
play_store,"chromebook incompatibility. i would give 0 stars if i could, like many other people I have never been able to use this on my chromebook. It pulls the app up, and there is a brief flash of my photos account before the black screen takes over and nothing seems to be a solution",2026-09-11,https://play.google.com/store/apps/details?id=com.google.android.apps.photos
play_store,One of the redeeming qualities of this app used to be that you can get your photos printed from Walmart. All you had to do was open up Google photos and it would send it to Walmart. well they recently changed it to Fujifilm. I don't want to go to get something printed and have to wait for it to ship. the reason I liked using Google photos is I could send the photos and in an hour I would have my pictures. I could pick up at Walmart. So I'm giving this app one star because it's basically worthles,2026-09-16,https://play.google.com/store/apps/details?id=com.google.android.apps.photos
play_store,"app never wants to open all I see when I open it ,is Google organizes your photos by face i dont want that it wont show me my photos i have to close the app reopen and hope this time i can see them plus tons of photos missing that were there before now. it's just a white square where MY PHOTO was now i have to go through thier recovery steps to find something they lost plus 15g of storage shared across different Google platforms. Photos storage should be for photos, not photos and drive,and",2026-09-08,https://play.google.com/store/apps/details?id=com.google.android.apps.photos
play_store,"Unable to share photos or videos with permissions set to share to other installed apps (under security & privacy settings), if I select any album from my ""Collections"" it always opens to a blank page with this: ""no photos yet, start capturing photos and videos"", none of the published troubleshooting fixes works.",2026-09-05,https://play.google.com/store/apps/details?id=com.google.android.apps.photos
play_store,I hate this app. Constantly auto backs up photos with no way to stop it. now it is constantly loading photos I deleted off my phone back on to it. The auto back up is linked to their cloud storage which spams you with adds to buy more space after the force fills it with no way for you to stop if from doing so.,2026-09-18,https://play.google.com/store/apps/details?id=com.google.android.apps.photos
play_store,"can't use it anymore with that creepy trace line around objects in the photo. also remove the very prominent 'backup now' button in every photo, reminding me that i've turned off backup is very anoying; respect my decision please. now using the stock samsung photo app as my dayly driver; suits me: WAAAY less bloated indeed. another example of how Google has ruined a perfectly good app.",2026-09-12,https://play.google.com/store/apps/details?id=com.google.android.apps.photos
play_store,"Some features don't work when I want them to and I wish I had more freedom to edit photos with no AI and create stickers that worked with my other apps. More customization options, like widgets and photo ops would be nice, but in general, it works well.",2026-09-09,https://play.google.com/store/apps/details?id=com.google.android.apps.photos
play_store,"I don't like how the app constantly rearrange photos, making them very difficult to find. I also don't appreciate the app creating slide shows on its own. For example, the app took pictures of my mom not along after she passed. She was very ill and the pictures were her at her worst. I was shocked the app used the pictures and, without my permission, put together a slide show. It was painful to see. Perhaps there is a way to shut off this feature, but I can't find it. Not a fan of this app",2026-09-08,https://play.google.com/store/apps/details?id=com.google.android.apps.photos
play_store,"I no longer can edit videos longer than 1min, just keeps saying ""unable to save"" after trying for like 2 minutes. The quality option is a lie, you have to download the video to actually watch it with it's original quality. What's the point then? I really tried toc.ake tbis work because it's just annoying moving +200Gb of videos/photos but I guess Google photos is no longer an option.",2026-08-31,https://play.google.com/store/apps/details?id=com.google.android.apps.photos
play_store,"Can you believe ?? This app is from a big world company !! In today's era, where HEIC is trending, this app can't open/ play that file type. Can you give the option to rearrange (at least default short by name, an album starts with ""W"" i.e. whatsapp on top, tf)* Most of album is not showing. can't we back-up particular album or photo except videos like backup only for camera and image ? SAMSUNG IS SUPERIOR !! From All !!",2026-09-03,https://play.google.com/store/apps/details?id=com.google.android.apps.photos
play_store,"I wrote a bad review of this app (now deleted) because when I restored photos from Google Drive, the restored photos folder would delete them. It turns out that this was only on a device running GrapheneOS, not stock Android, where it works as advertised. My apologies to the developer.",2026-08-30,https://play.google.com/store/apps/details?id=com.google.android.apps.photos
play_store,You file the photos meticulously but if you then delete them from the main page (because you'd filed them) they also disappears from the file. Ridiculous. I just can't understand why filing doesn't save them safely. Isn't that the point of filing? However I appreciate the ability to edit easily. Thanks for previous response (deleted since this edit) but don't see how that helps.,2026-09-14,https://play.google.com/store/apps/details?id=com.google.android.apps.photos
play_store,"Uninstalled. I turned Backup OFF because I do not want Google backing up my photos. Google Photos keeps nagging me to turn it back on and presents the option in a way that feels deliberately designed to push users into enabling cloud storage. No means no. Stop trying to override a setting I deliberately chose. Google sells extra storage, so this aggressive behavior feels like an upsell disguised as a feature reminder. I’m done with it.",2026-09-15,https://play.google.com/store/apps/details?id=com.google.android.apps.photos
play_store,"MY PHOTOS ARE MISSING!!!! My old photos that were backed up and I could see earlier are missing now. I was deleting some of the old photos and realised a huge chunk of my old photos are missing. I don't know how to find them, there were some important, memorable photos in there and now they're gone. What am I supposed to do now? I want my old photos back.",2026-09-12,https://play.google.com/store/apps/details?id=com.google.android.apps.photos
play_store,"There is a sense of redundancy that I can't put my finger on, but overall it's a good app. It would be cool though, if there was a ""Google Videos"" app. I'm sure Drive is the culprit, but I don't like my porn that I downloaded on my PC showing in Photos.",2026-09-15,https://play.google.com/store/apps/details?id=com.google.android.apps.photos
play_store,"Update: Its been a year. The portrait blur was fixed for a while but now its a guessing game again. Please address this, so I dont have to look for a replacement. Since the update, Portrait Blur does not work correctly,HDR is missing, UI has too much backlash to set precisely.",2026-09-13,https://play.google.com/store/apps/details?id=com.google.android.apps.photos
play_store,The new version has forced intense and intrusive music with vocals on the memories and that is as stupid as it gets. And one cannot go back to the previous option with mellow and calm music. What kind of app is this?!,2026-09-11,https://play.google.com/store/apps/details?id=com.google.android.apps.photos
play_store,"Whenever I open the Videos section in Google Photos, the thumbnails are automatically zoomed in. This happens every time, forcing me to manually zoom out before I can comfortably browse my videos. It’s quite inconvenient. Please fix this issue so the Videos section opens at the normal/default zoom level or remembers the user's preferred zoom setting. Thank you!",2026-09-11,https://play.google.com/store/apps/details?id=com.google.android.apps.photos
play_store,"Bestest app of google. I appreciate your team . You're doing very well, editing college, making photo cinematic and making animation by this app is truly awesome. But Storage problem is something which is not good, atleast you should provide 50gb to normal users to keep their photos and videos with backup. Only 15gb is devastating and challenging",2026-09-16,https://play.google.com/store/apps/details?id=com.google.android.apps.photos
play_store,"Dear lord. this app is immeasurably garbage. why the f- do you want me to put my photos and videos on the cloud so much that you have it right in front of my face every time I open it with no way to disable it. not putting it on the cloud and turning off notifications is ""incomplete setup""? D.I.S.C.O.N.N.E.C.T.E.D. Malware with ulterior motives. Where on earth did the old gallery go?! I am beside myself seething that I feel like I need to get a non official gallery app.",2026-09-13,https://play.google.com/store/apps/details?id=com.google.android.apps.photos
play_store,"It has great features but after years of allowing us free storage when uploading in storage saver mode, they changed their policy and I'm out of storage. It feels like they intentionally did this after first trying to hook us and this idea turns me away from wanting to give them my money for more storage (which I imagine would run out pretty quickly).",2026-08-16,https://play.google.com/store/apps/details?id=com.google.android.apps.photos
play_store,"Ongoing issue for some time now. It fails to recognise pets in a lot of photos. If I type in search bar ""dogs"", those pet photos appear, however if I just go through People and Pets, photos do not appear despite turning on the pets function. It recognises some but not others... edit: face groups was turned on and still not working..",2026-08-31,https://play.google.com/store/apps/details?id=com.google.android.apps.photos
play_store,What happened to this app? Crashes every time I try to edit a video making the editing feature completely useless. Can't use any other apps at the same time (e.g. Spotify) because it will cause other apps to crash when you open Google photos. I will be cancelling my subscription and looking for storage from competitors soon since this was one of the reasons I started paying for it.,2026-09-08,https://play.google.com/store/apps/details?id=com.google.android.apps.photos
play_store,"Google Photos is the most useless app ever. It's so slow uploading photos to an album even on 5G connection. I can't create a link to share the album because it says not all photos were uploaded. I can't save the album's location. It tells me to retry. And many edits I am making to photos and albums are delayed, not done instantly.",2026-08-30,https://play.google.com/store/apps/details?id=com.google.android.apps.photos
play_store,"photos unmanageable after forced storage minimization. all Google services overwhelmed after sudden minimization and there's no way to delete them easily from the cloud. even deleting large chunks seems to require purchasing a computer which poor people can't afford, and in the meantime everything is hijacked, which seems to be the point, forcing people to pay for services that were previously free, which, again, poor people can't afford. infuriating and extremely stress-inducing!",2026-08-27,https://play.google.com/store/apps/details?id=com.google.android.apps.photos
play_store,"""Ever since the recent system update, the Android Media Picker has completely broken my photo sharing workflow. I regularly upload photos to third-party apps directly from my Google Photos cloud collections, but now my cloud library won't populate at all when trying to attach media. When I went to troubleshoot in my device settings, the 'Clear storage' and 'Clear cache' options for the Media Picker app were completely grayed out and locked.",2026-09-07,https://play.google.com/store/apps/details?id=com.google.android.apps.photos
play_store,I have my photos and videos in the Locked folder and backup was disabled. it was running perfectly from last 1 year. Now last week suddenly I found my locked folder empty and all my data disappeared. I have not clear any data or nothing any action I've done. although my data got disappeared from the locked folder. I m so worried about my data. if there is any indexing glitch then plz suggest me some way to get back my data it is very very very important. NOTE : I HAVEN'T CLEARED/UNINSTALL app,2026-09-05,https://play.google.com/store/apps/details?id=com.google.android.apps.photos
play_store,"Google Photos makes it incredibly hard to organize my library when new photos come in from cloud sync tools like MultCloud. Every single new photo arrives “loose,” and I have to manually sort it into albums all over again when I already did this! Auto‑albums can’t be shared or used by smart frames, so they don’t help. Please give us a simple way to see photos not in any manual album, or a way to auto‑assign albums. This constant manual sorting is exhausting.",2026-08-28,https://play.google.com/store/apps/details?id=com.google.android.apps.photos
play_store,"I wish this app was more like Amazon Photos where I can select click on groups of photos and add them to Folders. Now you can only click on them individually which is extremely TEDIOUS. Also, I hate that any photos I delete from this app also deletes them from my phone and there is no way to retrieve them!!! I accidentally deleted loads of precious family and travel photos from my phone before I realized this. NOT happy.",2026-09-01,https://play.google.com/store/apps/details?id=com.google.android.apps.photos
play_store,Too evasive. If this gets disabled you cannot edit your photos. I have my camera set to store my photos to my SD card. However if I enable Google photos it takes over and stores them to Google photos despite my settings. Would be great if my phone had its own on board photo editing app. Like my previous phone. So I place partial blame on the devs of this particular android phone.,2026-08-28,https://play.google.com/store/apps/details?id=com.google.android.apps.photos
play_store,"Hate the feel of this app. won't let you set it up how you want it. more complicated does now mean better. also stop asking to send me notifications I don't want them on now that's stuck at the top asking if I wanna turn it on you should NEVER make that a thing. I will be looking for something else. I want my pictures in one place, not in separate folders... or let me make albums and I'll put things where I want.",2026-08-27,https://play.google.com/store/apps/details?id=com.google.android.apps.photos
play_store,"After a certain amount of time, the app stops labeling photos of a certain person and won't even let me manually label it because it refuses to list the photo of having a face in it. I believe it only happens with people of color, because it has not happened to me with any other photos.",2026-08-31,https://play.google.com/store/apps/details?id=com.google.android.apps.photos
play_store,I've always kept photos since it comes preinstalled and is a pain to delete but it really does have that special Google trademark. Editing tools stop working if disconnected from the Internet. It says it gives you a choice to back up the photos but checked the network in the background and even w/o backup on it tried to upload all of my pictures/videos to their server every time I let it connect. Not sure if there is a single Google product that isn't complete garbage anymore. 🗑️,2026-09-04,https://play.google.com/store/apps/details?id=com.google.android.apps.photos
play_store,"Convenient, until it's not. It usually works pretty well, but I have encountered frustrating borderline-unsolvable syncing issues, leaving me unable to see my cloud photos on my device. And of course the support advice is always something ridiculous. Try making a reliable app instead. Also, the UI/UX for certain album and photo bulk management actions leaves a lot to be desired.",2026-09-02,https://play.google.com/store/apps/details?id=com.google.android.apps.photos
play_store,"I like Google photos but the mobile app is a bit of a cluster compared to the more straightforward, less clustered desktop/PC version. Also, is there a reliable way for duplicate images to be axed without having to manually check to make sure you're not deleting both? I'm talking for like 100s+ of pictures. Thanks! edit 8/28/26, why are my photos not showing up in the big main page? Only some are, the rest are on Recently Added. Having to go dig for my most recent screenshots is nuts",2026-08-29,https://play.google.com/store/apps/details?id=com.google.android.apps.photos
play_store,"AVOID USING AT ALL COST!!! FIND A DIFFERENT PROGRAM AT ALL COST!! they have removed the ability to create albums on your own phone. they store somewhere else, and it tricks you into thinking they are on your own phone. they were notified of this problem and just don't care... they would get zero stars if it was possible.",2026-09-03,https://play.google.com/store/apps/details?id=com.google.android.apps.photos
play_store,"Update: I upgraded my phone since my original review. The issue I had previously seems to have been fixed, or it no longer affects me due to having more storage on my phone. I've updated my review to 4 stars as it's mostly a good app now. Old review: This app seems to have a bug which causes the thumbnail cache to swell and take up all the available free internal storage, rendering my phone virtually unusable. It wouldn't be so bad if there was an option to clear it, but there isn't.",2026-09-07,https://play.google.com/store/apps/details?id=com.google.android.apps.photos
play_store,"Google, you're ruining this app. starting from your latest bug, now I cannot select my photos sliding up or down. we have to tap one picture at a time to select more than one at the same time. a few months ago it wasn't necessary to save new copies of our edits. now it's mandatory. also, the new ""modern"" ui is awkward and annoying. the app now randomly makes some pictures bigger than the others which makes more difficult to select a few pics at the same time.",2026-08-04,https://play.google.com/store/apps/details?id=com.google.android.apps.photos
play_store,Absolute utter trash. I clicked free up space out of curiosity to see what it means. It forcefully deleted pictures from my phone. I tried to force end the app. Didn't work. No button for it. How incredibly worthless can a multi trillion dollar corporation be that after decades of existing they can't have basic features? You also can't choose which Google account you store photos on. It just refuses to store them on any other account. Incredibly disappointing,2026-09-09,https://play.google.com/store/apps/details?id=com.google.android.apps.photos
play_store,"to invasive .. I never gave permission to delete photos ,especially older photos . I was saving them forever . not any apps chose . they are my photos , my phone ,I paid for the service . who gave you permission to do anything with my photos . all I want from the app is to make sure my photos come out as good as they can and protect them from being stolen or deleted . that's it",2026-09-17,https://play.google.com/store/apps/details?id=com.google.android.apps.photos
play_store,"the app is actually good. you can do a lot of things to edit photos or videos, the search bar and the app automatically selects photos of different people and store in one place. my problem is the need for data/wifi connection to access/view the photos and videos, also the very small storage is very annoying to deal with I cant upload my stuff and most of my files can't be deleted. pls it add at least 5 more GB of free storage but overall the app is great",2026-09-02,https://play.google.com/store/apps/details?id=com.google.android.apps.photos
play_store,Once again they've made another stupid change. Now my grid looks terrible. Most of the photos are in the usual square grid but then random ones will be blown up bigger. And it also seems totally random which photo gets blown up bigger. This completely messes with my flow when sorting through and editing. This is just another completely unnecessary change that they should get rid of as soon as possible,2026-08-20,https://play.google.com/store/apps/details?id=com.google.android.apps.photos
play_store,"The latest update has made the app worse than ever. I just wanted to download a picture of my cat to make a wallpaper - simple, right? Nope! The app, now, just completely refuses to allow me to download my own photos(!!!) I get a ""downloading..."" bar on the bottom, and a notification that Google photos is downloading to my device. Except - it's not. Restarting, clearing cache - none of it helps. it's just permanently ""downloading"" without actually downloading anything.",2026-09-08,https://play.google.com/store/apps/details?id=com.google.android.apps.photos
play_store,"Easy to use and plenty of storage space, even with the free version, for all your high quality pictures and videos. I would make sure in your settings, on your device and in photos, your resolution is set to original so the best quality photos and videos are saved. Any who, no complaints so far from Google Photos.",2026-07-02,https://play.google.com/store/apps/details?id=com.google.android.apps.photos
play_store,The algorithm needs to go. hosting photos - fine. organising and editing - fine. algorithm - sick. dog was put down a few months back. looked at some photos. now getting 3 or 4 'memories' a day just to rub it in. no doubt it thinks it's being super clever. it's just being a turd,2026-09-15,https://play.google.com/store/apps/details?id=com.google.android.apps.photos
play_store,"Awful update, it's removed the portrait blur/focal point tool so anything that requires adjustment is stuck, please fix this ASAP! To be clear as the reply I have received makes it seem I don't know how to do something. I am using the Google Photos app to edit and when I have taken a picture using the portrait mode, the Google photos app says ""use the editor to change the focus or change an area to black and white"". The option is not in the edit options when it was before.",2026-08-05,https://play.google.com/store/apps/details?id=com.google.android.apps.photos
play_store,"Hey Google, how about you just let us display our photo album with all the pictures the same shape in the grid. I don't need some square, some rectangular, etc. When will you stop messing with the layout of the app? Just return it to when it was simple and not given some stupid stylised layout 🤬",2026-09-13,https://play.google.com/store/apps/details?id=com.google.android.apps.photos
play_store,"Needs to stop suggesting downloaded wallpaper is memories. No way to stop this without disabling legit memories too. Response to dev: Nope. Disabling featured memories doesn't work. That disables featured memories, which I don't want to do. I love getting those. You need to fix the app to stop recommending things that obviously aren't memories, like wallpaper. Wallpaper should not come up ever for featured memories. Update: feature is still broken and developer has been most unhelpful. still bad",2026-09-15,https://play.google.com/store/apps/details?id=com.google.android.apps.photos
play_store,See all the reasons above and below my review. Pictures are hidden in folders and hard to locate. Limited storage sucks and you get 1 star for that. Don't expect much. the ai now catalogs all your pictures so there's that.,2026-09-16,https://play.google.com/store/apps/details?id=com.google.android.apps.photos
play_store,"How did I just discover Google Photos now 🙃 but I do have some complaints 1: alot of photos/videos are misfiled cuz you can't modify who is tagged in it. You should be able to manually box and tag. Especially with side view faces that aren't recognized 2: For more private photos/videos there should be a private folder. 3: when im assigning a face to a name i already have, it won't let me select the name rather or gives me an error message",2026-09-16,https://play.google.com/store/apps/details?id=com.google.android.apps.photos
play_store,"App requires you to keep app open and phone unlocked while saving an edit. This should not be required in 2026?!? The app used to be able to process it in the background but now you cannot use your phone for anything else until the save is complete. Even if you take a phone call, it wipes any save progress and you have to start all over again. Also, the app cannot handle the speed up edits for videos (2x and 4x speed). It is laggy in edit mode and the app can't even play the saved video.",2026-07-15,https://play.google.com/store/apps/details?id=com.google.android.apps.photos
play_store,This is my favorite way to keep my photos and videos backed up period but I wish that there was a way to set photos and videos to only be saved if they've been on my phone for a certain amount of time. Sometimes I take videos that I want to edit or trim and then I have to trim them on my camera and also in google photos,2026-09-06,https://play.google.com/store/apps/details?id=com.google.android.apps.photos
play_store,App is easy to use. Cropping could be better. I don't like the glitches in the app when it comes to Google photos trying to make a you order photo albums and tries to cross photos with Google reviews and other social media apps.,2026-09-19,https://play.google.com/store/apps/details?id=com.google.android.apps.photos
play_store,I really use to like the app and advocated to friends and family. but for the last few years it makes copies of my photos making duplicate and triplicets of the same photo (sometime more). there is no function that allows you to automatically scan your photos and recommend removal of duplicates. I have 50k photos but it has saved 120+ and my data is going nuts.,2026-08-15,https://play.google.com/store/apps/details?id=com.google.android.apps.photos
play_store,"I'm not too excited about how it groups my pictures together. Then, I have a video of my two cats playing with a new toy and it no longer has a play availability and that was recorded a month before one of them died. And my albums keep getting archived and sometimes disappear. Way to mess with people's memories. 🥴",2026-09-04,https://play.google.com/store/apps/details?id=com.google.android.apps.photos
play_store,The app keeps removing my downloaded photos from backup. they'll be there for a week or so then disappear. I've turned off all the freeing up space settings too. I can download them again but it's really annoying to do indefinitely.,2026-09-02,https://play.google.com/store/apps/details?id=com.google.android.apps.photos
play_store,"I uploaded my photos to Google Photos and selected the “Free up space” option later. I understood that this option would remove the backed-up photos from my phone’s internal storage while keeping them safely available in Google Photos.However, after using this option, I noticed that the photos were deleted from both my phone’s internal storage and Google Photos. Some of my important photos now appear to be missing completely.",2026-08-23,https://play.google.com/store/apps/details?id=com.google.android.apps.photos
play_store,"The app is great, but the main problem is that we don't have any password protection for Google Photos. We do have a secure folder it's good. But when we log in to our gmail in other desktop we automatically expose our photos. Please provide an option to lock our photos to prevent exposing in other devices.",2026-09-07,https://play.google.com/store/apps/details?id=com.google.android.apps.photos
play_store,this f***ing app keeps backing up albums even though I explicitly have backup turned off. and this is after it spent years asking me if I wanted to turn back up on every single time I opened it even though I said no every time. Now it stopped asking and just backs up newly created albums with no way to stop it. STOP SHOVING CLOUD BACKUP DOWN MY THROAT,2026-09-05,https://play.google.com/store/apps/details?id=com.google.android.apps.photos
play_store,the app is great but i just wanted to suggest to add a feature where you can see the loading progress of the images and videos getting uploaded because i'm having a hard time finding what is already uploaded and not and also can you add a feature to see all that is uploaded and ehat is not because all of it is fused together with uploaded and not it's soo confusing that way so please can you make it more easy to distinguish just want to make a great experience thanks but overall the app is good,2026-09-11,https://play.google.com/store/apps/details?id=com.google.android.apps.photos
play_store,"it took several hours to upload 60 photos and the Magic Eraser app has never completed a task. s26 phone and up to date... gonna keep trying, wish me luck! I would like to add, many thanks to the team for your quick reply and looking forward to it being in full effect for my phone... my Mom recommended it to me and the results on her phone were fantastic, hence the confidence in what it can do 😉💫",2026-09-02,https://play.google.com/store/apps/details?id=com.google.android.apps.photos
play_store,"Google photos has been an excellent and useful app. It had been the reason why i still have my old pictures. But one problem i have with this app is you can't separate pictures from videos. There's a tab for pictures, then there should be a separate tab for videos for ease to locate video files rather than junk all together. Equally, automatic back up settings should be flexible for either pictures specifically or videos, aside picking folders. Say ""back up only pictures/videos on this device""",2026-08-23,https://play.google.com/store/apps/details?id=com.google.android.apps.photos
play_store,"When the Screenshots folder is opened it displays ‘photos missing from search Turn on backup’ message. All taken screenshots now appear in the Camera folder instead. I don’t use ‘backup’ & don’t want to, I use other methods that do not utilize search. This is frustrating and annoying.",2026-08-25,https://play.google.com/store/apps/details?id=com.google.android.apps.photos
play_store,Stop deleting my photos without my permission!I checked my trash and archive and the photos im looking for aren't there and i'm not close to the storage limit. I pay $3 a month for extra storage so you can save my photos not delete them! also you need to fix your pet recognition especially black cats because I can't spend hours sorting through hundreds of photos of three different black cats. literally every single photo of my black cats is under the wrong profile!,2026-08-22,https://play.google.com/store/apps/details?id=com.google.android.apps.photos
play_store,"Lowering my rating until my issue is fixed. Cannot create new faces or add photos to faces. Several months now with no feedback. Original review: Mostly happy with this app. Now that my whole life in pictures belongs to Google, I really hope that they live forever. Even now that they have started charging for extra storage, I see no better option. Though less of an issue than before, there are still times when Google photos overrides/undo what I do manually, ex. tagging faces, merging faces.",2026-09-01,https://play.google.com/store/apps/details?id=com.google.android.apps.photos
play_store,"Specifically purchased the type of phone I have for this photos app. For years I have been thrilled. However, with AI (just like Gmail app now) I'm exhausted, frustrated, and disappointed. SO much time I wasted finding a simple photo (or not). I despise AI integrations in the apps. It used to be that I could bypass it. I appreciated that. CANNOT any longer. What good is the app (and especially AI) if I can't find photos I know exist (and used to be able to find) using basic search terms.",2026-08-01,https://play.google.com/store/apps/details?id=com.google.android.apps.photos
play_store,"Something terrible has been happening with Google Photos lately. Edited photos disappear from view and are impossible to select from other apps. But then they start appearing twice. I have five identical photos in my library! But I can only see two of them in other apps. Oh, I hope this is just a bad update and everything goes back to normal soon.",2026-08-10,https://play.google.com/store/apps/details?id=com.google.android.apps.photos
play_store,"Reimagine feature is now gone from the app. That was one of the main reasons I bought the phone and I used the feature for work. Very disappointed. Will be moving on from Google , I need something reliable. I just cannot comprehend why they would remove this feature edit: Edit with ask is not available, there is no such option. I have read online that there are some regional limits? I have tried some online solutions and none of them worked. I feel like I was robbed. Unbelievably frustrating",2026-09-17,https://play.google.com/store/apps/details?id=com.google.android.apps.photos
play_store,"The key moments feature that places markers INSIDE of videos is so annoying, useless, and time wasting. Not only do I have to remove each marker manually on every video I record, but the app often generated markers AGAIN after that. I have to go through multiple rounds of clicking each one and removing them from every. single. video. The feature shouldn't even exist, but at LEAST allow people to disable it.",2026-09-11,https://play.google.com/store/apps/details?id=com.google.android.apps.photos
play_store,"now what the heck happened again I left a review saying how the edit button was missing on the videos, 2 Days later the edit button was back on and I edited my post and give you guys a core stars and now all of a sudden I go on my phone today and the edit buttons gone again for the videos 🙄😠 what is going on end I can't even show you a screenshot of what I'm talking about",2026-09-08,https://play.google.com/store/apps/details?id=com.google.android.apps.photos
play_store,"This year and certainly with the re-design, this app has gotten worse and is starting to make me think I need to migrate to a competitor for my photos. My least favorite big is that every photo I crop I get a duplicate (even after deleting the original, a day or two later I get a second copy of the edited version).",2026-08-31,https://play.google.com/store/apps/details?id=com.google.android.apps.photos
play_store,terrible. it's not hard to make a simple gallery app and somehow this is irritating to use. you had one simple job and you failed. why is everything in a folder I just want to see all the images on my phone on one screen when I open the app but that's not an option. this is so sht for a default app,2026-09-07,https://play.google.com/store/apps/details?id=com.google.android.apps.photos
play_store,New updates are absolutely horrible! Also so obnoxious I can't delete or move photos by selecting the select all button anymore... I have to select each and every one I have to select each and everyone individually which is extremely time-consuming. (Upset Android user) ... also obnoxious editing pops up to tell you what album to find the photos in. this is obnoxious annoying and time-consuming I hate it all 💢 I've noticed me upon numerous others are complaining about all these issues. F AI,2026-08-27,https://play.google.com/store/apps/details?id=com.google.android.apps.photos
play_store,"You can no longer search your photos without turning on Backup. Time for a new App, goodbye Photos. Update: Google Dark Patterns and Prevent Uninstallation. Actually Photos pretends you can uninstall it, but it just hides, uploading all your data to the cloud against your will. I smell a class action lawsuit brewing..",2026-09-15,https://play.google.com/store/apps/details?id=com.google.android.apps.photos
play_store,"Useless. I just want cloud storage that I can sort my photos from different folders in and access them from other devices. You wouldn't think Google would struggle with that, would you? Also, why does it take 10 minutes to move 12 photos to a local folder? Is it still 1995 at Google HQ? This should be instant. Do they really think professional clients want to be receiving weird links to photos instead of an actual file? Really what's going on? Who's running things over there?",2026-07-12,https://play.google.com/store/apps/details?id=com.google.android.apps.photos
play_store,"I spent 15 or 20 minutes looking for the sync button to restore from a backup on my new device, and you know what? IT'S NOT THERE! There's simply no way to restore the backup to the device. Why should I spend money on your drive if I can't just restore it? Download thousands of files one by one? No thanks.",2026-09-03,https://play.google.com/store/apps/details?id=com.google.android.apps.photos
play_store,"Google photos used to be much better in past like 10 years ago in EU. It makes me really angry when I have my photos synchronized by default and Google keeps asking me to pay the money for a Google One instead of easily help me clean up the space. Even if I clean up the space i still have this reminder after a few weeks as I have 80% size taken by my Google apps, Mail, etc. Just like most free users I do not upgrade Google to Google one only for extra size",2026-09-12,https://play.google.com/store/apps/details?id=com.google.android.apps.photos
play_store,"Running into a few bugs and limitations while testing the beta. First, there are audio integration glitches when other apps try to play music alongside photo-to-video tools—it shouldn't be restricted just to mainstream tracks. Second, when generating video clips from text prompts, we desperately need a way to output a full 15-second clip in one go rather than having to stitch it together manually in separate segments. Smoothing this out will make the creation flow way smoother.",2026-09-15,https://play.google.com/store/apps/details?id=com.google.android.apps.photos
play_store,This app is frustrating. Navigating videos is really difficult. It jumps while minutes when I want to see the next few seconds. It's the same with editing. I just want to cut a video and navigating to the spot takes forever cause it jumps or when you hold down on the screen it gives you seconds at a time but only until you scroll to the end of the screen. Then you back out and get another 2 seconds. I try to pull screen shots and it jumps 2 or three seconds after the frame I asked for.,2026-07-16,https://play.google.com/store/apps/details?id=com.google.android.apps.photos
play_store,1* for attention - fake backup sync option is egregious- you give the illusion that it's an option I do not have backup and sync turned on and I upload manually with that said in the app when I delete a photo or video for some reason it deletes off my phone I did not want it deleted off my phone I just didn't want it saved on Google photos so what's happening there and I repeat sync is not turned on and it's never was.,2026-09-11,https://play.google.com/store/apps/details?id=com.google.android.apps.photos
play_store,"I'm not able to download any of my videos to my device, they all come through as unsupported media. photos are fine, but videos won't download. I've cleared 6gb of space in my phone, updated the phone, updated the app, disabled and re-enabled the app, still nothing.",2026-08-31,https://play.google.com/store/apps/details?id=com.google.android.apps.photos
play_store,I wish it wouldn't scan all media folders. I'd like to exclude the Downloads and it keeps showing me its content. the app has gone really bad lately. The reply doesn't address my issue. The app keeps showing me videos stored in my Download folder. I don't want to see them in the library. We need a way to exclude certain media.,2026-08-18,https://play.google.com/store/apps/details?id=com.google.android.apps.photos
play_store,You have successful turned a good App into a crapware App. Now you cannot access your photo groups inserting a picture. So much has got worse and more difficult and still not an easy way to rename a picture.,2026-09-13,https://play.google.com/store/apps/details?id=com.google.android.apps.photos
play_store,"STOP ADDING MUSIC TO MEMORIES. Nobody wants awful music added over videos of their children. Please give us the option to turn it off. Also, fire whatever imbecile decided it should be a feature in the first place. edit after reply: muting the video isn't a solution. I want to hear the video, but not the garbage music you put over it. Instead of gaslighting people, just remove the stupid music.",2026-09-15,https://play.google.com/store/apps/details?id=com.google.android.apps.photos
play_store,why do I need to have the app open to back up stuff?!?!? it's the stupidest thing ever. my phone's screen turns off after a minute of not being used and it makes the back up start all over again. fix it please!!!! so frustrating. trying to back up a 6 minute long video for over an hour now 😭😭,2026-08-31,https://play.google.com/store/apps/details?id=com.google.android.apps.photos
play_store,"Why did you remove grid view?! There are so many things going wrong with this app in the last couple of years. 'Improvements' seem to cater to mindless users who want less choices. I'll be migrating my entire library and leaving gphotos at long last. Idk why I'm even leaving a review... like Google is gonna magically go, 'Wait! We care and will make it right immediately'. How far we have fallen from, ""Don't be evil"".",2026-09-17,https://play.google.com/store/apps/details?id=com.google.android.apps.photos
play_store,"Photo to video editor's model Veo2 is way to strict. Blocks 90% of my appropriate photos. Google AI says the filter needs replaced, it's inconsistent and over cautious. GP needs customizable features like choosing main window lay out. Example: Choose to see only Albums, Folders or Collection. Minimal features. It works but hopefully more customizable options will be available soon. Its ok but don't use ""photo to video, it's broken, inconsistent and over cautious. Recommended: Visionstoryai",2026-09-10,https://play.google.com/store/apps/details?id=com.google.android.apps.photos
play_store,"I used to love google photos and drive but now it is not working as I set it to! I keep turning the backup OFF and it magically turns itself back ON within a month. cluttering the photos I would actually like to save to google photos, like real photos, with the random screenshots and gifs I DO NOT WANT TO SAVE TO GOOGLE! Then when I try to delete the photos off of the google photos it deletes it from my device also, even with the auto sync OFF! LET US DELETE FROM GOOGLE ALONE NOT EVERYTHING!",2026-08-31,https://play.google.com/store/apps/details?id=com.google.android.apps.photos
play_store,"Worst update ever. Very difficult to get to the animations (now highlights). I never complained when you moved the ""Add to album"" outside the share option, but all these new modifications make the app very difficult to navigate.",2026-08-27,https://play.google.com/store/apps/details?id=com.google.android.apps.photos
play_store,"5G UC. I'm using T-Mobile's 5G ultra capacity, the fastest available, the tower is about a block and a half from my house in a quiet neighborhood. I am able to zoom around Google Earth with no lag, virtually as quickly as my eyes can focus, the land can render... Switch to Wi-Fi and it's even faster still. So tell me google, why can I pull up the Himalayas faster than you can pull up a 2 GB video? poorly?",2026-09-06,https://play.google.com/store/apps/details?id=com.google.android.apps.photos
play_store,Been using this app for some years now but lately its becoming less and less useful. Can't share a photo directly to any apps from within Google Photos. I have to go to the app I want and then pick up the photo from Google Photos that way.,2026-09-14,https://play.google.com/store/apps/details?id=com.google.android.apps.photos
play_store,"This was a great app, until today. This app decided to delete most of my photos and videos (a lot of them were very important), and for some reason, i couldn't stop that. If there is ANY service that could actually get all my photos and videos back, that would be amazing. Google, PLEASE add a ""stop deleting"" button on the ""Free up space on your device"" button. I may be dumb, but at least add something to stop that. You've ruined someone's memories on 19 July 2026. and you won't probably care.",2026-07-19,https://play.google.com/store/apps/details?id=com.google.android.apps.photos
play_store,"photos is great, but the new update they put in for music playing over the ""memories"" is very annoying! I can't hear the original audio and I can't find an option to turn the music off. I'd be giving 5 stars for this rating if that was fixed!",2026-09-03,https://play.google.com/store/apps/details?id=com.google.android.apps.photos
play_store,"I DID have this at 5 stars, but the newest update changed the way Google photos magic eraser works, my device (pixel 8 pro) is not handling it well. it's slow, and does NOT only change the things it highlights, it frequently goes far around the edge of the selection bubble and warps the image.",2026-08-29,https://play.google.com/store/apps/details?id=com.google.android.apps.photos
play_store,"This app puts Google's incompetence on full display, they are incapable of making anything that works more than 2/3 of the time. There are standard features missing from editing tools like being able to change the pen size currently you can only zoom in and out to do that so the largest size is still really small. It also removes photos that I just saved as I'm looking at them but they are still present in my files. Why has this not been added or fixed? It's been years, all other apps do it fine",2026-07-25,https://play.google.com/store/apps/details?id=com.google.android.apps.photos
play_store,"updated August 2026: AWFUL. What is this Mickey Mouse garbage? You're making me miss the just plain bad version. Was fine, but new editing tools are a mess. Bring back the streamlined version please, everything takes twice as long now. Also, since when does swiping left mean more of something (saturation, exposure, etc.)?",2026-08-24,https://play.google.com/store/apps/details?id=com.google.android.apps.photos
play_store,was great until they removed the ability to easily back up photos from both your phone and computer. now when I do a photoshoot with my cannon I have to load all the photos on my phone and then my computer just to get them into Google photos. I might as well be using crash plan. it is more stream line.,2026-09-01,https://play.google.com/store/apps/details?id=com.google.android.apps.photos
play_store,"Google Photos is an excellent app for storing, organizing, and managing photos and videos. The automatic backup, powerful search, easy sharing, editing tools, and smart organization features make it extremely convenient. I especially like how easy it is to find old memories and access them across devices. Overall, a must-have app for managing photos and videos.",2026-08-09,https://play.google.com/store/apps/details?id=com.google.android.apps.photos
play_store,"the new update is the worst thing that has ever happened. why can't I see my old pictures? What's the point of being able to see only what's already on the device? where did my albums go??? on the web version, everything is as it should be. but not on the app. I use Google photo to see my old pictures that are backed up in the cloud. if I want to see only my device's files, I go to my gallery. what the hell Google? is AI rotting your brain too?",2026-09-09,https://play.google.com/store/apps/details?id=com.google.android.apps.photos
play_store,would give it a 5 but I can't add photos to the faces folders. There are issues that I've read other users experiencing with like twins and similar looking pets. Adding a feature that lets users add images to specific people would benefit them a lot.,2026-09-13,https://play.google.com/store/apps/details?id=com.google.android.apps.photos
play_store,"They removed the ability to see photo information. it used to be if you clicked the ""about"" button it would tell you the format of the photo for example. now it's been replaced with an AI slop search bar. I don't need AI to look at my damn photo I need to know if it's a JPEG or PNG. Just another thing in the long list of AI slop features that no one asked for to make your user experience ""better"" you're welcome!",2026-06-25,https://play.google.com/store/apps/details?id=com.google.android.apps.photos
play_store,"Google Photo Picker wouldn't work for my local files. I tap on one folder and it all disappears before telling me there's nothing in the folder. I don't use the Cloud services so IDGAF about that, but it's super annoying that it won't show files that are very clearly on my phone memory.",2026-09-05,https://play.google.com/store/apps/details?id=com.google.android.apps.photos
play_store,"Fix the bad side. When I select more than one or two photos or select many photos and think of sending them to someone, only one, two, or five photos are sent to them.",2026-09-15,https://play.google.com/store/apps/details?id=com.google.android.apps.photos
play_store,Something changed where all my backed up photos look super disorganized in a single sprawling list. Some photos are large and some are small? They are not grouped neatly by month anymore like they are supposed to be. I'm not sure if this is a new update or I accidentally messed with a setting but I can't go back to the old layout of the photos!,2026-07-17,https://play.google.com/store/apps/details?id=com.google.android.apps.photos
play_store,"Can't play Linear PCM video after a certain background updates. After I clear app data and revert to old UI google photos , my video can be played, but after it auto updates to whatever version/something changed, my linear PCM videos can't be played anymore. Even your own Gallery app can play my linear PCM videos. please look into the issue and fix it.",2026-08-25,https://play.google.com/store/apps/details?id=com.google.android.apps.photos
play_store,"I did reset to my phone setting and it said it will not affect my personal information, such as photos. In other stuff but after the reset i want to check my lock folder photos in google photos app everything was gone in the lock folder and if we said, I made a mistake in the reset option, should a delete all the photos but why only my lock folders photos deleted i don't trust this app no more make me so mad about my photos. And videos in the lock folder i will not trust lock folder again.",2026-09-07,https://play.google.com/store/apps/details?id=com.google.android.apps.photos
play_store,"Hate it. I cant stand how it automatically stores my photos in Numerous different folders without asking me where I want them, it makes it SO much more difficult to easily find what I'm looking for when they're scattered in 12 different places that don't even make sense together.",2026-09-01,https://play.google.com/store/apps/details?id=com.google.android.apps.photos
play_store,"Absurdity of this app is beyond imagination! I got a new phone, I tried to transfer pics, so I selected pics from photos app and started downloading them. for some reason, it stopped after downloading some pics. now before I start download my pics, this stupid app started uploading those very same pics and now I have two copies of them in my Google Photos, plus less storage!! insane.",2026-09-10,https://play.google.com/store/apps/details?id=com.google.android.apps.photos
play_store,Why is there the option to save separately when you can't replace it anyway when editing a photo. Please make it an option to rotate images by just using a two finger twist gesture like in the OnePlus Gallery. It's so annoying to have to tap a thousand times to rotate an image and then save it separately and delete the original one.......,2026-08-28,https://play.google.com/store/apps/details?id=com.google.android.apps.photos
play_store,"The new update has caused my photos to no longer appear in a grid of all the same size within the month they were taken. I have the photo view purposefully zoomed all the way out for the sole purpose of that consistent grid, and now the view looks like a bad slideshow made at 3 am by an unpaid intern. At least give us the option to go back.",2026-07-09,https://play.google.com/store/apps/details?id=com.google.android.apps.photos
play_store,"When uploading photos into an album, there is no status update. Really need a status to let you know how the upload is progressing - trying to upload 400+ photos and I have no idea whether it is taking place.",2026-09-13,https://play.google.com/store/apps/details?id=com.google.android.apps.photos
play_store,"technically I can review and edit photos yay. but the constant need to avoid either sending all my private images to the Google cloud which we know is being used to train AI, alongside the constant pressure to use AI tools, has me on the hunt for a new app. this default isn't worth it, it's just exploitative. also I do NOT trust it with my data.",2026-09-03,https://play.google.com/store/apps/details?id=com.google.android.apps.photos
play_store,Great editing features. It would be improved hugely if the facial organisation allowed efficient manual rearrangement. Removing faces takes a really long time as well as not being able to delete categories which the app has made which may consist of completely random photos. You also cannot manually add photos to a face which is annoying. The worst feature however is the search function constantly never working and showing blanks for even the suggested search.,2026-09-06,https://play.google.com/store/apps/details?id=com.google.android.apps.photos
play_store,"Hate the update, no longer able to search without using Gemini, which I also hate. Have disabled Gemini, because I couldn't search anything, without it popping up several times, even though I had already said no, and closed it. *Editing to add, since there's no way to reply to your reply. Ask photos also requires Gemini, so that doesn't help at all. Thanks for nothing 👍🏻",2026-09-11,https://play.google.com/store/apps/details?id=com.google.android.apps.photos
play_store,"The new layout for browsing images now expands images at random to take up the space of six or even nine images, even at the furthest zoom out. Makes it look really cluttered and unorganized. I get that they want to make it easier to look for a specific photo, but don't expand images when I've got them set to the smallest they can be on my screen. The new ai editing features will lower the quality of your image noticeably. I've also seen the app get slower upon turning Gemini features on.",2026-07-17,https://play.google.com/store/apps/details?id=com.google.android.apps.photos
play_store,organization difficulty. it's great having folders but I wish they'd disappear from the main folder or something once organized into one otherwise they can get sorted into multiple folders and it's a mess. also the search for any of my Pic is difficult when I'm trying to find a specific one but any of the key words don't make it pop up so I end up just having to scroll. it seems like a problem other users are having as I see very similar reviews. the app updates often but ive had this same issue,2026-08-10,https://play.google.com/store/apps/details?id=com.google.android.apps.photos
play_store,"The back up feature is a scam. Whenever the app backups, it backups ALL your photos & videos. Therefore, you will have doubles & triples of items. Next thing you know, you are out of storage & Google will want you to buy cloud storage! More monthly subscriptions! It should be illegal that you are FORCED to have ALL of your photos & videos uploaded to this app. You have no choice. Even if you install a gallery, there is no way to make that your default photo/video app.",2026-08-13,https://play.google.com/store/apps/details?id=com.google.android.apps.photos
play_store,"Terrible to use. Ideally saving photos & creating albums should be easy to do & view. Albums shouldn't triplicate the photos. Where photos go when downloaded - who designed this?! The functionality- does it have any that adds value? Horrible setup, layout & functionality. Basic edits frequently save with purple squares throughout the photo - why? Updates (same as any Google product) Dont provide any desperately needed improvements.",2026-08-21,https://play.google.com/store/apps/details?id=com.google.android.apps.photos
play_store,"I used to love the app. That was, until Google got money hungry and created Google One storage. Between email, drive, and photos, I'm now barely hanging onto free storage. Google photos was once the best place to back up the gazillion photos I have taken over the last eight or so years, but now I have to pay for storage? I don't want to pay a ridiculous charge for space that was once free. Doesn't the Google franchise have enough money? EDIT: STILL THE SAME ISSUE THREE YEARS LATER.",2026-08-20,https://play.google.com/store/apps/details?id=com.google.android.apps.photos
play_store,photos disappear after editing them. there's no way to attach them to any message or chat unless you take a new screenshot or save it as a new copy. looks like this has been an issue for a long time and Google is ignoring it.,2026-09-12,https://play.google.com/store/apps/details?id=com.google.android.apps.photos
play_store,"I really like how easy Google Photos makes it to share photos with friends and family. One thing I dont really like is the music they use when showing Memories. In the past, the music was often instrumental or no vocals, which I preferred. Now some of the songs have people singing which I find a bit distracting. I wish there was an option in the settings to change the type of music used for Memories.",2026-08-23,https://play.google.com/store/apps/details?id=com.google.android.apps.photos
play_store,it's just a photo app. nothing special. what I dislike the most about it is how my images are being fed into ai without my consent. they're ugly and I'm probably not going to get another Google phone after this one breaks. I also dislike the new grid layout. I want all of my pictures to be small. I'm not 80 I can still see fine,2026-08-24,https://play.google.com/store/apps/details?id=com.google.android.apps.photos
play_store,"Update. I can separate by date again!!! Thank you Google photos!! As of 23Jul2026, this was a 5 star app, at least until the latest update. Why are the photos no longer separated by date? They are now this one long string of non stop photos. There is no break. No division. It's like a run on sentence, but of photos. Please at least give us the opportunity to divide the photos by date like they used to be.",2026-08-28,https://play.google.com/store/apps/details?id=com.google.android.apps.photos
play_store,"Locked Folder is missing from my Google Photos app. I checked Collections, but there is no Locked Folder option at all. I also checked the settings, but I cannot find the Locked Folder or its backup option. This happened after the recent Google Photos update. Please help me restore access to my Locked Folder. I have important photos stored there and I do not want them to be deleted. 😭",2026-08-21,https://play.google.com/store/apps/details?id=com.google.android.apps.photos
play_store,"The most recent layout change is still terrible. This seems to be the current theme among larger corporations: make the user experience more tedious and less streamlined. Dont worry, Google. You are in good company. Amazon has already driven more of my purchases elsewhere with their terrible design choices and attempts forcing useless an absolutely useless chat bot. Somehow, Best Buy's app is even worse. Their app also has the faint smell of Circuit City on it which nobody wants on them.",2026-08-29,https://play.google.com/store/apps/details?id=com.google.android.apps.photos
play_store,"This app is a hot mess. Takes so long to perform any action on my Pixel 8 Pro. Freezing frequently and such. Photos that are just taken show up as blank and take 30-40 seconds before they actually appear in the gallery. What's this, Google? Where are you heading with the app development approach these days? Cause I've never had such a terrible experience with Google apps in my 17 years on Android.",2026-09-08,https://play.google.com/store/apps/details?id=com.google.android.apps.photos
play_store,"Samsung Gallery and Google Photos sync unexpectedly. Google Photos automatically deletes local storage copies via its ""Free up space"" feature, making photos vanish from the Gallery. Due to two-way sync updates, deleting photos in Google Photos permanently deletes original files from device memory too. Users are trapped: either exhaust 15GB cloud storage or risk losing Gallery photos while freeing up cloud space. Without backup, new photos won't save to the cloud and will be lost forever",2026-09-11,https://play.google.com/store/apps/details?id=com.google.android.apps.photos
play_store,"Completely messed up the search function. It used to be really simple to search, now there's about 3 more unnecessary steps added for no upside as far as I can see. Please reinstate the old UI.",2026-09-08,https://play.google.com/store/apps/details?id=com.google.android.apps.photos
play_store,"Search used to be effortless, but the latest updates ruined it. It can't locate anything anymore even obvious photos that I know are right there in my library. Frustrating to see a core feature stop working properly. peak enshittification",2026-09-09,https://play.google.com/store/apps/details?id=com.google.android.apps.photos
play_store,"there is so many features which annoy me yet i cant turn them off. auto album is one of them. it takes photos what kind of resemble something and stuff them into a folder. which is inside some group full of useless automatic folders. intook a photo of an important paper of mine, and the app stuffed it into ""Receipt"" folder. its not even a receipt nor does it look like a bill. why is it in receipt folder.",2026-08-29,https://play.google.com/store/apps/details?id=com.google.android.apps.photos
play_store,"I'm rating 2 stars because of the magic eraser future, it's trash at this point if it's a bug check it, cause it barely works properly after I updated and downloaded it as Google photos requested, after that I can't use it to erase objects or anything and it keeps processing an erasure for more that 5 - 10s, it wasn't like this before fr.",2026-09-04,https://play.google.com/store/apps/details?id=com.google.android.apps.photos
play_store,Severely dislike the latest update. I don't want or need my phone in selfie mode every time I open it. Nor do I want or need AI to suggest edits and log every subject in my photos. Phone gets hot to the point of concern if the camera app is running for too long.,2026-09-10,https://play.google.com/store/apps/details?id=com.google.android.apps.photos
play_store,Won't let me choose which folders I see in the app. For some reason it started showing stuff that are not photos taken by me like WhatsApp media and also backing them up. And I can't for the life of me select which folders I want Google Photos to access.,2026-09-15,https://play.google.com/store/apps/details?id=com.google.android.apps.photos
play_store,"I'm kinda having trouble with this app, it started like 3-4 days ago, albums take too long to fully load or simply don't load, moving photos to other albums also takes a lot of time even if it's only like 10 photos, I don't know if it's my phone (because my phone is completely okay) or the app (I checked if it was for updates and no, it's not updates or something)",2026-08-03,https://play.google.com/store/apps/details?id=com.google.android.apps.photos
play_store,"Enough with the frequent modals trying to get me to activate Gemini so I can do ""AI"" nonsense to my photos. If I ever decide I want it I can go enable it myself. Edited to add: This is supposed to be my photos app. Not a shopping app and certainly not a fashion app. I don't want pictures of my wardrobe. I even disabled wardrobe in settings yet the big square for wardrobe is still in the collections tab. Attn Product Manager for Photos: STOP TRYING TO JUICE YOUR DUMB KPI for your bonus.",2026-08-28,https://play.google.com/store/apps/details?id=com.google.android.apps.photos
play_store,"I'm really frustrated, I didn't know that deleting from google photos also deletes from my local gallery, it just feels pointless. I'm trying to delete everything from when I got my new phone onwards to free my google storage specifically. But when I checked my main gallery, everything I just deleted was gone. I couldn't recover anything unless I brought more storage, which really stressed me out. How am I supposed to delete from google photos without touching the local gallery??",2026-09-06,https://play.google.com/store/apps/details?id=com.google.android.apps.photos
play_store,"I don't use this app so I went to clean out some photos on here that I don't need. I saw the ""free up space"" button and assumed that it would clear out photos on this specific app. It had instead moved nearly ALL of my photos and videos from my specifically organized phone's gallery, to this nightmare hellscape of a Google gallery. Now the only way I can move everything back is to re-download it all which messes with the dates and organization. fun.",2026-07-28,https://play.google.com/store/apps/details?id=com.google.android.apps.photos
play_store,"Hate the new update. Grouping the photos by date and being able to select a whole days worth of photos is gone. Google, please bring that back. Removing the day grouping doesn't really clean up the appearance as much you thought it would, and it was very useful. And yes, I used it so much that I'm really upset enough to give 1 star only. ***EDIT: day grouping is back, and I like the new look to the app too! Back to 5 stars. Best photo app in my opinion!***",2026-06-24,https://play.google.com/store/apps/details?id=com.google.android.apps.photos
play_store,"Uploaded over 4.5 Gig of my Photos to a Cloud that I don't trust without my permission after an Update. A Major Privacy threat, that made it very difficult to also find the settings to stop it. While using expensive Data and not WiFi.",2026-09-07,https://play.google.com/store/apps/details?id=com.google.android.apps.photos
play_store,"Every time you move a photo to trash a LARGE UGLY BLACK BAR appears close to the middle of the screen, stating: ""Moved to trash / Undo"". It blocks the view of a next photo for ≈5-6 seconds. This feature is completely unnecessary, because: 1) you are already required to make 2 clicks to trash a photo – first click the trash icon and next click the confirmation dialogue; 2) photos moved to trash are not permanently deleted for at least 30 days and can be easily restored anytime.",2026-09-04,https://play.google.com/store/apps/details?id=com.google.android.apps.photos
play_store,"I deleted a ton of pictures earlier today because i was alerted that i was running out of space, took a nap, woke up and was informed I have no more space edit: because I either have a gaslighting developer commenting, or an annoying ai. if im at 90 % capacity, then delete stuff. ( and also don't add anything to the account , including emails , device backup ,Google drive etc.) that can't possibly make me be at 100 %. Also , if clearing up space doesn’t actually work, thats a issue",2026-08-25,https://play.google.com/store/apps/details?id=com.google.android.apps.photos
play_store,"Since my last review the app has improved dramatically. However, there is still one niggle. The taskbar could do with being able to modify to suit. I would rather organise that to Collections, Photos, Search, Create as this is the most used order.",2026-09-02,https://play.google.com/store/apps/details?id=com.google.android.apps.photos
play_store,"We're a low/meaningful screen time family, and I used to love looking at the memory features with our kids, but the new songs are downright inappropriate for children. One memory about when our kid was 2 started blasting a song about cigarettes and smoking. Others have been about drinking, meeting people who turn you on, had songs with expletives - all in memories about our babies and toddlers. Hit Control Z on the update, please. No lyrics. Don't try to apply ""related"" songs to our memories.",2026-08-28,https://play.google.com/store/apps/details?id=com.google.android.apps.photos
play_store,"I'm Happy with everything Google offers it's simple everything flows as designed my biggest advice is paying for data security from a 3rd party $200 covers a year tad bit cheaper than that but saves u a head ache an worries from what u don't expect. just ur device alone cost more than that so don't be lazy do ur homework an keep them Cyber criminals out your business altemently disrupting your money cycle,",2026-08-30,https://play.google.com/store/apps/details?id=com.google.android.apps.photos
play_store,"Like everything else Google makes, Photos is being ruined by AI. I'm especially tired of telling it to turn off the Quick Edit ""feature"" when sharing photos, only to have it turn itself back on. Why would I WANT friction added to the experience of sharing a photo? Make it make sense!",2026-08-27,https://play.google.com/store/apps/details?id=com.google.android.apps.photos
play_store,"Google Photos and G Mail are so annoying. 15 gigs of space for all. All the sudden I can't receive emails due to out of space. Back up photos has been turned off for years and somehow I'm all the sudden out of space. Then I go to delete photos to make room then this trash app deletes photos from my internal storage. I'm really glad my main email is Yahoo because they give you gigs just for email. Don't reply to this, well just reach out if you have problems. This entire Google platform is a junk",2026-09-11,https://play.google.com/store/apps/details?id=com.google.android.apps.photos
play_store,"""Google Photos needs to add a proper selective backup feature. Currently, it backs up everything automatically, including downloaded images, screenshots, and videos, without allowing users to choose only camera photos or exclude videos. Please give us separate toggles to control photo and video backups, as well as the ability to choose specific device folders.""",2026-09-08,https://play.google.com/store/apps/details?id=com.google.android.apps.photos
play_store,"i absolutely adore this app and love the features and the fact i am able to have a second gallery with all of my photos backed up and saved !! i am wondering though, why was the feature where we could customize which category to pin (like; bin, archive, etc) removed? i really liked that feature bc it made the app seamless and way personal & accessible! could you guys bring back the feature again? i really liked having the freedom to put whatever category i wanted pinned !! pls bring it back !!",2026-09-07,https://play.google.com/store/apps/details?id=com.google.android.apps.photos
play_store,"Preferring settings that aren't the default gets you harassed by the app to ""finish setup"" with no ""never remind me again"" button. Not to mention the GenAI bloatware ""features"" can't be removed. I do not want AND WILL NEVER want to backup my photos, nor receive notifications from a photo application. I turned them on to remove the""complete setup"" pop-up and intentionally turned them off because I prefer it that way and the pop-up showed back up. If I could give 0 stars I would.",2026-07-25,https://play.google.com/store/apps/details?id=com.google.android.apps.photos
play_store,"Miss the old separation of photos by dates that left a break. This new continuous scrolling is messy, and annoying to locate photos based on date. Also, when trying to add locations to photos, when typing in the text box, nothing happens and pressing enter doesn't come up with anything to click.",2026-08-24,https://play.google.com/store/apps/details?id=com.google.android.apps.photos
app_store,Love it thank you. Frankie California State,2026-09-19,https://apps.apple.com/app/google-photos/id962194608
app_store,Baby Liam thru the years with Toni. I love it!,2026-09-19,https://apps.apple.com/app/google-photos/id962194608
app_store,"It’s great for back up, but hard to download. It’s great for backing up my pictures, put I like to put them in scrapbooks and it’s so hard to download out of Google to print or use the pictures.",2026-09-19,https://apps.apple.com/app/google-photos/id962194608
app_store,Still not fixed the layout. Will not update until you fix and tell us you have fix the problem July 2026 still not fixed problem with separating by month update 25 July google i have already given you my feedback now fix the damn problem.16 August Still waiting 19 Sep STILL WAITING,2026-09-19,https://apps.apple.com/app/google-photos/id962194608
app_store,Love this❤️. Thank you for the beautiful memories🥰,2026-09-19,https://apps.apple.com/app/google-photos/id962194608
app_store,Google Photos. I love the pop up memory reels,2026-09-19,https://apps.apple.com/app/google-photos/id962194608
app_store,Early moments with my faternal twin granddaughters. First time my granddaughter used the walker. Everything goes in the mouth and sleeping like a princess! ❤️❤️❤️❤️,2026-09-19,https://apps.apple.com/app/google-photos/id962194608
app_store,Memories. Good collection of memories,2026-09-19,https://apps.apple.com/app/google-photos/id962194608
app_store,Memories. Grandchildren,2026-09-19,https://apps.apple.com/app/google-photos/id962194608
app_store,👌. Very good reminder and memorable,2026-09-19,https://apps.apple.com/app/google-photos/id962194608
app_store,Oct. Colombovenezolana,2026-09-19,https://apps.apple.com/app/google-photos/id962194608
app_store,Blast from the past. Google Photos does a great job of pulling photos from the past and blending them with current photos in so many creative ways.,2026-09-19,https://apps.apple.com/app/google-photos/id962194608
app_store,"Photos not appearing normally when opened in app. Photos taken on iPhone 16, as well as other devices, appear normally in grid but become washed out and over-exposed appearing after tapping the photo to view. Seems like people think this is an issue with HDR data, but this has not been resolved to date. Considering changing photo storage apps entirely.",2026-09-19,https://apps.apple.com/app/google-photos/id962194608
app_store,"Deleted APP. Downloaded it then immediately deleted it because every photo had a thing called “categories” at the top of every photo that I did not want and found impossible to remove. I found it annoying and distracting. Never going back. It was also constantly asking me to back up photos (which I did not want to do) and distracting me with memories, moments and other dumb things for the short attention spanned. 👎👎👎",2026-09-18,https://apps.apple.com/app/google-photos/id962194608
app_store,"Special places.. The way these photos are used together like this, is fantastic. Thank you!",2026-09-18,https://apps.apple.com/app/google-photos/id962194608
app_store,Fine the Video to save/ delete the Pics - Eric Video Sings. On Cellphone,2026-09-18,https://apps.apple.com/app/google-photos/id962194608
app_store,Granddaughter. The album that Apple creates from photos from my granddaughter was so very beautiful and special to me. Thank you Apple,2026-09-18,https://apps.apple.com/app/google-photos/id962194608
app_store,Always finds the right pictures. I am impressed how the collected stories capture such great moments.,2026-09-18,https://apps.apple.com/app/google-photos/id962194608
app_store,Secretly backing up photos. I don’t know why Google is doing this. My backup is set to off. I logged in on my laptop and saw all my recent photos online. Not even on my phone but online. My backup has been off since 2022. It’s 2026 and with the setting off I can see all my 2026 photos on the online version of Google Photos. Creepy. I deleted the app. Please be careful Google may be backing up your photos even with the setting completely off.,2026-09-18,https://apps.apple.com/app/google-photos/id962194608
app_store,Whyyy. Why does it take so long to edit a photo to market up on market Why can’t I get any of my pictures and videos off of the stupid app and put them on my phone or an iCloud? Do you hate people that much?,2026-09-18,https://apps.apple.com/app/google-photos/id962194608
app_store,Thanks Google for the memories that is brought back good feelings‼️. Wonderful Memories🥰🥰🥰🥰,2026-09-18,https://apps.apple.com/app/google-photos/id962194608
app_store,Chulísimo. Chulísimo,2026-09-18,https://apps.apple.com/app/google-photos/id962194608
app_store,The Girls get out!. Kentucky1!,2026-09-18,https://apps.apple.com/app/google-photos/id962194608
app_store,Kare Gakwa Macharia love ❤️. Me and my baby love ❤️ over the years ❤️❤️🎬🎤🎙️🤖🎙️🎵,2026-09-18,https://apps.apple.com/app/google-photos/id962194608
app_store,Best memories ever. GP makes the best memories! Love it!,2026-09-18,https://apps.apple.com/app/google-photos/id962194608
app_store,Fantastic. Thank you you guys do a great job,2026-09-18,https://apps.apple.com/app/google-photos/id962194608
app_store,Thank you. Thank you,2026-09-18,https://apps.apple.com/app/google-photos/id962194608
app_store,Mis fotos. Son mi mejor orgullo,2026-09-18,https://apps.apple.com/app/google-photos/id962194608
app_store,King shepherds. Great kings I’m all in,2026-09-18,https://apps.apple.com/app/google-photos/id962194608
app_store,"Great Photos. I love them all, family and friends good times!",2026-09-18,https://apps.apple.com/app/google-photos/id962194608
app_store,"Re/Maden_1n_DIANA-3rdLife. What would my life be without Google Photos…sad… Google has saved the day, in every way, thank you. You guys are the best xox Tony… Maden Indiana LLC sorry for all the times as a consumer I thought anything different. Forgive me, I was out of my mind. Have a great day! ❤️😊",2026-09-18,https://apps.apple.com/app/google-photos/id962194608
app_store,Xander. WHY DID YOU CRASH!!!!!!!! STOP CRASHING!!!!!!!!!!!,2026-09-18,https://apps.apple.com/app/google-photos/id962194608
app_store,There’s a problem. The magic eraser used to work good but now it makes the image less quality and brighter every single time it’s used,2026-09-18,https://apps.apple.com/app/google-photos/id962194608
app_store,Duplicates. I have a ton of duplicate photos that I can’t find a way to delete without clicking each one individually as I find them. I can’t ever get them all! Even other apps don’t pick up on them for some reason please help,2026-09-17,https://apps.apple.com/app/google-photos/id962194608
app_store,Abrazos osos. Extrañándote Gerard 🩵💙🩶⭐️🌟🫶,2026-09-17,https://apps.apple.com/app/google-photos/id962194608
app_store,The best. Really nice work,2026-09-17,https://apps.apple.com/app/google-photos/id962194608
app_store,"Too intrusive. I wanted to have the app on my phone to easily add photos to a school team album. Every default setting wanted all of my personal photos and made it complicated to turn off. Not worth the hassle. I already know Google does not value privacy, but this was a pain.",2026-09-17,https://apps.apple.com/app/google-photos/id962194608
app_store,Suck. No they want to charge for storage,2026-09-17,https://apps.apple.com/app/google-photos/id962194608
app_store,Precious memories. I absolutely love Google photos and the way it captures moments that I truly cherish.,2026-09-17,https://apps.apple.com/app/google-photos/id962194608
app_store,"Deleted photos from my phone. So my storage got full and went to delete photos and it turns out that it also deleted the photos from my device, this wouldn’t be that big of an issue if there was a way to turn that feature off. Why on earth would I want my photo deleted off my device if I was only deleting it off of Google Photos? How do they even have access to do that",2026-09-17,https://apps.apple.com/app/google-photos/id962194608
app_store,wrong date. so me and my grandmother were looking on this app for her dog that died and she found the last photo and mind you this was taken in 2013 and it said December if 1969,2026-09-16,https://apps.apple.com/app/google-photos/id962194608
app_store,Life. Google photo brings back past happy memories at the right time,2026-09-16,https://apps.apple.com/app/google-photos/id962194608
app_store,Google fan. My favorite forever,2026-09-16,https://apps.apple.com/app/google-photos/id962194608
app_store,Great job. I like how did it?,2026-09-16,https://apps.apple.com/app/google-photos/id962194608
app_store,17 ProMax photos. iPhone learning curve,2026-09-16,https://apps.apple.com/app/google-photos/id962194608
app_store,"Google Photos on Ipad. So for some time now, whenever I want to download a photo from Google photos, the menu to share or download the photo is broken. You can’t see the icons or what it says. Can you guys check that area of the app. For the small window with the options, the Ipd has to be in portrait to access some of the features, in Landscape can’t access the window since it gets cut.",2026-09-16,https://apps.apple.com/app/google-photos/id962194608
app_store,Muy bueno. Excelente,2026-09-16,https://apps.apple.com/app/google-photos/id962194608
app_store,"Emotional and funny recovery. I love this App, the memories it brings of photos and videos are emotional and timely, it has very good ideas to show the best moments.",2026-09-16,https://apps.apple.com/app/google-photos/id962194608
app_store,Good app 👍🏻. The best app in the world 🌎,2026-09-15,https://apps.apple.com/app/google-photos/id962194608
app_store,"I’m not giving you all my photos. Is there seriously no way to add specific photos without granting full access to all my photos? If I wanted to give full access, I would. Get over yourself",2026-09-15,https://apps.apple.com/app/google-photos/id962194608
app_store,Pics. Amazing… Google does all the work puts some tunes to the chosen pics and just like that a great memory,2026-09-15,https://apps.apple.com/app/google-photos/id962194608
app_store,"Less and less usable. Operations slower, small downloads blocking things, inconsistent UI, etc. in the last year",2026-09-15,https://apps.apple.com/app/google-photos/id962194608
app_store,TS so fire they made TS2. It keeps making the funniest shi without me even asking for it. W app.,2026-09-15,https://apps.apple.com/app/google-photos/id962194608
app_store,Cool feature. What an awesome memory keeper . Makes awesome videos of you and your life❤️,2026-09-15,https://apps.apple.com/app/google-photos/id962194608
app_store,Amazing storage. I’m able to protect my photos by using this app to back them up,2026-09-15,https://apps.apple.com/app/google-photos/id962194608
app_store,Photos over the years beautiful. Love all the pictures,2026-09-15,https://apps.apple.com/app/google-photos/id962194608
app_store,Very good.. I love it,2026-09-15,https://apps.apple.com/app/google-photos/id962194608
app_store,Would love to. Would love to see how I can look at the videos all the time because once you see it it’s gone,2026-09-15,https://apps.apple.com/app/google-photos/id962194608
app_store,Beautiful. Beautiful,2026-09-15,https://apps.apple.com/app/google-photos/id962194608
app_store,My sister my best friend. Beautiful,2026-09-14,https://apps.apple.com/app/google-photos/id962194608
app_store,Little Storage for big $. Not worth the $,2026-09-14,https://apps.apple.com/app/google-photos/id962194608
app_store,Memories are the best part of life!. Make me smile Make happy Make me know the best is yet to come! Thank you!,2026-09-14,https://apps.apple.com/app/google-photos/id962194608
app_store,Great for organizing. This app is great for organizing. A few upgrades it could use: 1. Need option to add a face - for when the app doesn’t recognize that there is one in the picture. 2. It would be nice to select multiple photos at once and add a location or description instead of having to go into each photo one at a time.,2026-09-14,https://apps.apple.com/app/google-photos/id962194608
app_store,Trash. Why is the app consuming Gigabytes from my phone without backing up anything or good results???,2026-09-14,https://apps.apple.com/app/google-photos/id962194608
app_store,"Top shelf!. This guy photo application is top notch, and it goes everywhere I go no matter what device I’m using! And that way nothing gets lost.",2026-09-14,https://apps.apple.com/app/google-photos/id962194608
app_store,"5 years and counting!. Tried again and it’s still an unorganized mess. Update: Just cancelled my subscription. Not giving any more money when feedback is being ignored across all Google products. 4 years and still no fix… There’s still no slider for recently added, only on the default homepage, which makes photos and videos I save from social media end up out of order. The slider on recently added only scrolls a little at a time compared to the defualt page being able to jump months or years. On iPhone the video player is buggy too. The play button keeps showing on loops and they stutter instead of playing smooth. Android finally got the slider back but iPhone is still waiting. I already back everything up with another service, but it’s frustrating that Google ignores feedback. It’s been years with no simple improvements. Same with YouTube Music. No quick scroll in long playlists and no way to search songs inside a playlist. These are basic features that should’ve been here by now 🤷‍♂️",2026-09-14,https://apps.apple.com/app/google-photos/id962194608
app_store,Pictures. Nice to look back at what you were doing. Thank you,2026-09-14,https://apps.apple.com/app/google-photos/id962194608
app_store,"yes you really got me. yes yes yes i’m enjoying the google photos,you make my pic look greater than ever and i love it.😎🚀✨",2026-09-14,https://apps.apple.com/app/google-photos/id962194608
app_store,"Super photo Memories. I’m retired.. and so very often I find comfort in just sitting and watching my so many friends and events and so many precious memories I’m thankful to have this close to me , it’s a blessing",2026-09-14,https://apps.apple.com/app/google-photos/id962194608
app_store,“Erron Ellis Fontenot” at his “Finest!”. Thank you for all your support!!,2026-09-13,https://apps.apple.com/app/google-photos/id962194608
app_store,El Señor Jesucristo viene. El evangelio es Poder De Dios,2026-09-13,https://apps.apple.com/app/google-photos/id962194608
app_store,"Surprise Coach Duplay Event ‘22. Such a wonderful event! Thank You All! Wrestlers, students, GWA= Girls Wrestling Auxiliary, coaches, parents & families ❣️🌹",2026-09-13,https://apps.apple.com/app/google-photos/id962194608
app_store,"Update won’t let me download most of my videos. The error keeps saying there is no internet connection but whether I’m on WiFi or data, I can’t download a large amount of my videos",2026-09-13,https://apps.apple.com/app/google-photos/id962194608
app_store,Harris park memory. So thankful when these lost memories appear,2026-09-13,https://apps.apple.com/app/google-photos/id962194608
app_store,Simply Gorgeous 👍🙏. Simply Gorgeous,2026-09-13,https://apps.apple.com/app/google-photos/id962194608
app_store,The number one app. I love the app because I used it over the summer. It’s useable.,2026-09-13,https://apps.apple.com/app/google-photos/id962194608
app_store,On time all the time. I really like this service because it connects me with the most memorable shared moments in past times. Kudos Google👏🏽🫶🏾👍🏽,2026-09-13,https://apps.apple.com/app/google-photos/id962194608
app_store,Terrible App!. I shouldn't have to give google access to all the photos on my non google device in order to see photos I already have saved in the google photos app. This is preventing me from accessing over 10 years of photos. It is incredibly frustrating and making me want to continue to stop using google applications all together.,2026-09-13,https://apps.apple.com/app/google-photos/id962194608
app_store,Privacy Issue. Can’t see my own pictures unless I give full access on the app,2026-09-13,https://apps.apple.com/app/google-photos/id962194608
app_store,"All or nothing. It won’t let you upload or share any photos unless you give it permission to access your entire library. It would be nice if you could let it access only select photos , but nonetheless. I downloaded it share photos with a friend , and it wouldn’t let me share anything. I had to bypass that by using my computer and used a web browser instead",2026-09-13,https://apps.apple.com/app/google-photos/id962194608
app_store,Always saved. Pictures from afar,2026-09-12,https://apps.apple.com/app/google-photos/id962194608
app_store,"Can’t sync photos anymore. Google Photos app on iPhone shows 736 photos for an album, but on the website shows only 84 photos. No upload status is shown. No way to get help! “Help and feedback” just keeps going round and round in circles. Overall… Google tools are great when they work, and suck when they don’t . More and more though… I am finding that Google tools no longer work. And have no way to fix / contact support.",2026-09-12,https://apps.apple.com/app/google-photos/id962194608
app_store,Nature. Reconnaissance,2026-09-12,https://apps.apple.com/app/google-photos/id962194608
app_store,8:05 ‹ Messages 834 2 September 10:57 PM Google Lens Deselect All. I love him,2026-09-12,https://apps.apple.com/app/google-photos/id962194608
app_store,Chaixada. Lo máximo como presentan los vídeos !!!,2026-09-12,https://apps.apple.com/app/google-photos/id962194608
app_store,Smart Photos. It’s great to have pictures show up on my homepage,2026-09-12,https://apps.apple.com/app/google-photos/id962194608
app_store,Great. Still holding it down after a decade !,2026-09-12,https://apps.apple.com/app/google-photos/id962194608
app_store,Blue My Baby. Thank you for the Memories!🙏🏾💋,2026-09-12,https://apps.apple.com/app/google-photos/id962194608
app_store,Family times. Absolutely love this and sharing it makes me look like a genius,2026-09-12,https://apps.apple.com/app/google-photos/id962194608
app_store,Google photo album. Just wanted to say I really enjoyed the Google photo albums. They really captured really great moments.,2026-09-12,https://apps.apple.com/app/google-photos/id962194608
app_store,Family members. Family memory assistant,2026-09-12,https://apps.apple.com/app/google-photos/id962194608
app_store,Memories. When your own photography comes back to you in forgotten memories; ‘GOOGLE’,2026-09-12,https://apps.apple.com/app/google-photos/id962194608
app_store,Super APP. Love This - Saves ALL My Great Memories,2026-09-12,https://apps.apple.com/app/google-photos/id962194608
app_store,Updating. It needs updating on the apps store for google photo it has been long time ago,2026-09-12,https://apps.apple.com/app/google-photos/id962194608
app_store,"Better apple photo. Remember photos are fun, and google’s photo app is a lot of fun, it reminds me to laugh more and worry less.",2026-09-12,https://apps.apple.com/app/google-photos/id962194608
app_store,"Basically spyware. If you want to only share some photos, this is a terrible choice. Googles Web UI is the only way to use this app without granting the company unrestricted access to everything your phone camera sees 24/7.",2026-09-11,https://apps.apple.com/app/google-photos/id962194608
app_store,"Pretty good. It could be better if they allow us to create the collages that they generate on our behalf, but we still can’t create them ourselves with the dates in the nice way that they generate them I’ve sent like a bunch of feedback and they’ve never ever responded the memory feature was the best feature and now it’s like hidden",2026-09-11,https://apps.apple.com/app/google-photos/id962194608
app_store,"Magnificent Creations!. Love the color of the pictures, amazing detail and job !",2026-09-11,https://apps.apple.com/app/google-photos/id962194608
app_store,Jarren. I love this!,2026-09-11,https://apps.apple.com/app/google-photos/id962194608
app_store,Great app& great photos!. A+++,2026-09-10,https://apps.apple.com/app/google-photos/id962194608
app_store,Buffering videos. Why does it take videos so long to play? I could be watching an 8 second video and it would take 15 seconds of buffering before it plays,2026-09-10,https://apps.apple.com/app/google-photos/id962194608
app_store,Ares wedding. Beautiful pictures,2026-09-10,https://apps.apple.com/app/google-photos/id962194608
app_store,Best ever. Best ever,2026-09-10,https://apps.apple.com/app/google-photos/id962194608
app_store,My wedding pictures. Good post,2026-09-10,https://apps.apple.com/app/google-photos/id962194608
app_store,썸네일 좀 균일하게 보고싶다. 생뚱맞게 혼자 커진 사진들이 앨범 정리할 때 되게 거슬린다.,2026-09-10,https://apps.apple.com/app/google-photos/id962194608
app_store,It’s 2026 and they still don’t have the ability to shuffle an album. This is a very basic functionality that most photo apps have but for some reason Google can’t figure it out.,2026-09-10,https://apps.apple.com/app/google-photos/id962194608
app_store,Celebrating with a Visit!. Precious person!,2026-09-10,https://apps.apple.com/app/google-photos/id962194608
app_store,Beaches with my family!. Thank you for keeping my family in your memory!,2026-09-10,https://apps.apple.com/app/google-photos/id962194608
app_store,email. My other email was put under review for no reason lame as hell,2026-09-10,https://apps.apple.com/app/google-photos/id962194608
app_store,Colecciones fantásticas. Es agradable lo que colecciona google para mi . 😎,2026-09-10,https://apps.apple.com/app/google-photos/id962194608
app_store,You do not need access to my full photo library.. Stop pretending you do.,2026-09-10,https://apps.apple.com/app/google-photos/id962194608
app_store,Memories❣️. Love the memories!💕‼️,2026-09-10,https://apps.apple.com/app/google-photos/id962194608
app_store,Teşekkür. On numara beş yıldız,2026-09-10,https://apps.apple.com/app/google-photos/id962194608
app_store,Freezing up. Every time I try to scroll or click on a picture the app stops working and it freezes up. I’ve done the update and it’s still missing up. Today o got as far as clicking a picture I wanted to edit and after I got one the edit screen the app froze up again. Can you all fix this problem please it’s been going on now for a few weeks. Thanks,2026-09-10,https://apps.apple.com/app/google-photos/id962194608
app_store,Love!. Seriously love how Google Photos creates the memories compiled for me 🤩,2026-09-10,https://apps.apple.com/app/google-photos/id962194608
app_store,Amazing app. Amazing app,2026-09-10,https://apps.apple.com/app/google-photos/id962194608
app_store,Using Google Photos. Google Photos: Simple to use and to retrieve. Sharp colors and great for all subjects!,2026-09-09,https://apps.apple.com/app/google-photos/id962194608
app_store,i hate you google photos. deleted like 400 photos off my phone 😡,2026-09-09,https://apps.apple.com/app/google-photos/id962194608
app_store,Love this Google Photo App. Very user friendly and very responsive to all questions I have,2026-09-09,https://apps.apple.com/app/google-photos/id962194608
app_store,Memories. I love how all of my favorite memories pop up! Good times for sure.,2026-09-09,https://apps.apple.com/app/google-photos/id962194608
app_store,Full access?. Google does not need full access to ALL my photos for me to make a sharable album with friends/family. Fix this or lose me,2026-09-09,https://apps.apple.com/app/google-photos/id962194608
app_store,Appreciated. Thanks for the memories,2026-09-09,https://apps.apple.com/app/google-photos/id962194608
app_store,Photos. I love the editing tools,2026-09-09,https://apps.apple.com/app/google-photos/id962194608
app_store,Mami y ñe.. Me encantan estos recuerdos,2026-09-09,https://apps.apple.com/app/google-photos/id962194608
app_store,Favorite pictures. Five stars,2026-09-09,https://apps.apple.com/app/google-photos/id962194608
app_store,Photo. Memory photos are amazing.,2026-09-08,https://apps.apple.com/app/google-photos/id962194608
app_store,It's not simple. I am not a tech-savvy person. I was trying to create a slideshow with music. It wasn't able to do it. I kept going through different things and really wasn't sure what I was doing. That's the reason why I said it wasn't that good for me.,2026-09-08,https://apps.apple.com/app/google-photos/id962194608
app_store,"EXCITING GLIMPSES. I love that GOOGLE. Does these photo memories in a sequential manner from collections in my phone!! Somehow, I have not seen before and it just brings back so many beautiful memories with loved ones and events in life!!",2026-09-08,https://apps.apple.com/app/google-photos/id962194608
app_store,Es una buena app. No permite añadir otras personas y si deseas borra personas te pone otro rostro,2026-09-08,https://apps.apple.com/app/google-photos/id962194608
app_store,Love. I 100% love this app,2026-09-08,https://apps.apple.com/app/google-photos/id962194608
app_store,Love love love!. I adore the ease of Google Photos - I just need it to be compatible with CapCut please!!!!!! Please please please!,2026-09-08,https://apps.apple.com/app/google-photos/id962194608
app_store,Tremendous. Google does it again!,2026-09-08,https://apps.apple.com/app/google-photos/id962194608
app_store,Amazing. Such A memories,2026-09-08,https://apps.apple.com/app/google-photos/id962194608
app_store,Memories are a gift. Just love getting videos & photos that I’ve not seen for several years and may never think of reviewing; there are so many!!!♥️♥️♥️,2026-09-08,https://apps.apple.com/app/google-photos/id962194608
app_store,It’s every photo you’ve taken or nothing… and that sucks. This app forces you to back-up every single photo in your camera roll. I don’t want my Google Photos to have every single screenshot or bad photo I’ve ever taken. Just let users backup the photos they want to save and not everything that’s on our phones… 🙄,2026-09-08,https://apps.apple.com/app/google-photos/id962194608
app_store,Stop. Stop signing out my Gmail accounts and I shouldn’t have to verify my Gmail accounts because there’s nothing wrong with them and they are not spams so leave them alone and creating new accounts never has been a problem before and I should be able to create as many as I want,2026-09-07,https://apps.apple.com/app/google-photos/id962194608
app_store,Dieu. Dieu est grand,2026-09-07,https://apps.apple.com/app/google-photos/id962194608
app_store,"Be more like Apple and make all the photos the same size. If you need an example, look at the photo app on an iPhone. All the thumbnails are squares which makes it visually a lot more easy to look at. Right now in Google Photos you have some photos/videos that are randomly larger than others even at the most condensed view layout option. This is very messy and visually difficult to look at. Again, try to take inspiration from Apple and the photo app on an iPhone.",2026-09-07,https://apps.apple.com/app/google-photos/id962194608
app_store,Love it!. Easy and fun!,2026-09-07,https://apps.apple.com/app/google-photos/id962194608
app_store,Eraser. I can’t see an eraser on the iPad only on the cellphone,2026-09-07,https://apps.apple.com/app/google-photos/id962194608
app_store,Remix is great. I like how it makes photo vids for me,2026-09-07,https://apps.apple.com/app/google-photos/id962194608
app_store,Family photos B Bear Birthday. Thank you,2026-09-07,https://apps.apple.com/app/google-photos/id962194608
app_store,Upgrade feature needed. Limited when the reminder of historical pictures show up. Can seem to only select one at a time to share. I always fight with the phone to stop it from auto sliding the photos. Apple is getting worse about so many things especially auto correct often suggests and changes my correct spelling or slightly misspelled word to some word that does not exist. Obviously foreign speaking programmers suck!,2026-09-06,https://apps.apple.com/app/google-photos/id962194608
app_store,Truth Heals Wounds Initiative INC. Absolutely AMAZING …blessings ALL LOVERS 💕,2026-09-06,https://apps.apple.com/app/google-photos/id962194608
app_store,Delete duplicate photos in albums and photo album count. My review is simply a functionality situation where I want to be able to delete duplicate photos within an album and also see the photo count in the album,2026-09-06,https://apps.apple.com/app/google-photos/id962194608
app_store,"Easy to save send edit and navigate.. I trust this app to do what I want, when I need it👍💪❤️",2026-09-06,https://apps.apple.com/app/google-photos/id962194608
app_store,"Fantastic & Powerful. Easy & fun, with special features like location detection on every photo. I have been using this on my iPhone for over two years and I Love it. Talk about photo storage... It is easy to use and brainlessly painless. Using my gmail account and a simply sine-in and boom, that's all it takes for me. Nickname: Andyroofs ~|•|~",2026-09-06,https://apps.apple.com/app/google-photos/id962194608
app_store,Is awesome. I love how save all my pictures from my babies since 2012,2026-09-06,https://apps.apple.com/app/google-photos/id962194608
app_store,The best app. THE BEST APP.,2026-09-06,https://apps.apple.com/app/google-photos/id962194608
app_store,Family memories. Where they were storage?,2026-09-05,https://apps.apple.com/app/google-photos/id962194608
app_store,"Memories last for ever. The perfect pictures, amazing times",2026-09-05,https://apps.apple.com/app/google-photos/id962194608
app_store,Pics. It’s amazing it keeps memories,2026-09-05,https://apps.apple.com/app/google-photos/id962194608
app_store,Pasos Prohibidos. I like that,2026-09-05,https://apps.apple.com/app/google-photos/id962194608
app_store,"Transitions too fast. I enjoy the reviews, but wish the transitions were longer.it switches too fast.",2026-09-05,https://apps.apple.com/app/google-photos/id962194608
app_store,Bests. Moments are good Good,2026-09-05,https://apps.apple.com/app/google-photos/id962194608
app_store,Warning - Turn off backup!. Did not realize deleting photos from Google Photos deleted them from my device too. Lost a lot of great memories because of the constant storage warnings :(,2026-09-05,https://apps.apple.com/app/google-photos/id962194608
app_store,Photos/videos. Excellent work,2026-09-04,https://apps.apple.com/app/google-photos/id962194608
app_store,Never done me bad. Especially when iCloud gets funky Google has always had them even that one photo of a picture of homework I took in highschool like 7 years ago,2026-09-04,https://apps.apple.com/app/google-photos/id962194608
app_store,Hate the new update.. The date wise separation was better. Now it looks like a mess & triggers my ocd. Wish there was an option to turn it off.,2026-09-04,https://apps.apple.com/app/google-photos/id962194608
app_store,"Remember. In memory of the purple horse, Lavender",2026-09-04,https://apps.apple.com/app/google-photos/id962194608
app_store,Google Photos. Creates the story for you. One can then add on their own thoughts and carry it on. How nice.,2026-09-04,https://apps.apple.com/app/google-photos/id962194608
app_store,I missed this video. Omg please never stop doing this,2026-09-04,https://apps.apple.com/app/google-photos/id962194608
app_store,"Poison, corrupt, garbage. This app will destroy you. It will literally destroy you. You get google one free trial? Realize oh wow, Google one is absolute trash. You have 18,000 photos saved on Google Photos? You’re essentially going to have to delete them 10-15 photos at a time or single handedly click on each one. They make it not only painful, but almost abusive terrorizingly difficult… like it will haunt you. And your Gmail will be shut down until you go through and delete every… single… photo. Good luck. Google is criminal. The devil.",2026-09-04,https://apps.apple.com/app/google-photos/id962194608
app_store,Gracias por todo. Debo agradecer mucho a google fotos por guardar miles de recuerdos sobre mi hijo muchas gracias,2026-09-04,https://apps.apple.com/app/google-photos/id962194608
app_store,Matching problem. Matches different people to each other,2026-09-03,https://apps.apple.com/app/google-photos/id962194608
app_store,Fun memories. Good times!,2026-09-03,https://apps.apple.com/app/google-photos/id962194608
app_store,Love it. So nice to be reminded of the good times,2026-09-03,https://apps.apple.com/app/google-photos/id962194608
app_store,Amenify & Google. I’m using most Google apps anyway so combing & adding in Amenify to help along the way is cost effective & pretty easy to navigate & use.,2026-09-03,https://apps.apple.com/app/google-photos/id962194608
app_store,Airplay support terrible. 5years later and still airplay support sucks,2026-09-03,https://apps.apple.com/app/google-photos/id962194608
app_store,"Can you find?. Liam’s Birth June 30, 2016",2026-09-03,https://apps.apple.com/app/google-photos/id962194608
app_store,Why you need full photos access. Why are you always looking into others privacy? Someone should sue you guys.,2026-09-03,https://apps.apple.com/app/google-photos/id962194608
app_store,Pictures. Excellent feature I like the photo gallery a lot,2026-09-03,https://apps.apple.com/app/google-photos/id962194608
app_store,i’m going to find a different way to save my memories without limits and without trashy edits.. I don't want my memories to have music with lyrics. I am a Christian and I was watching a memory and the words to the song said if you go to hell I'll go there with you. That is absolutely insane that you would have pictures of your sweet memories and videos of your precious memories with a song in the background that talks about going to hell. It's absolutely disgusting and disheartening and it makes me want to find an alternative way to save my photos and my memories and videos without using your services at all. as a matter of fact I think I'm going to find an alternative route to saving all of my precious memories so I can exclude your service entirely. Disgusting.,2026-09-03,https://apps.apple.com/app/google-photos/id962194608
app_store,"Getting buggy. Ive used google photos for the past 10 years or so. Ive noticed it getting buggy especially in the AI features. About half the time I load in a photo to use magic eraser. There’s a bizarre glitch that permanently makes the photo look like it’s been stamped with itself over and over again, like a double exposure. It is also odd to me that once you use magic research to remove someone in the background, you can no longer edit any other aspect about the photo such as exposure or color. I have also noticed on iPhone a weird phenomenon where once you hit save on an edited photo the end result actually looks different than when it was being edited. Like the preview of the photo during editing is not accurate. All of these things combined has made me really loose trust for this app and no longer want to edit photos with it.",2026-09-02,https://apps.apple.com/app/google-photos/id962194608
app_store,"Yay, Videos. I can’t always find the videos I’m looking for but it is nice when they just pop up with a new video of memories or wanna make dogs. It’s kind of cool they put it to music. The only thing is I don’t know how really did edit them that well but that’s OK.",2026-09-02,https://apps.apple.com/app/google-photos/id962194608
app_store,Mom montage. Thoughtful,2026-09-02,https://apps.apple.com/app/google-photos/id962194608
app_store,App freezes after adding keywords to photos.. App freezes after adding keywords to photos. You have to force quit and re-launch the app to use it again.,2026-09-02,https://apps.apple.com/app/google-photos/id962194608
app_store,Love. I love how I can put a date in the search bar and all my photos will appear and bring awesome memories back to life!!,2026-09-02,https://apps.apple.com/app/google-photos/id962194608
app_store,So much fun!!. I’m loving this Google Photos back up and edit series. I can do so many different things in view photos in different mini aspects. It’s a lot of fun and an easy way to find all of your photos. I strongly recommend it.,2026-09-01,https://apps.apple.com/app/google-photos/id962194608
app_store,Thanks for me. I love it !!,2026-09-01,https://apps.apple.com/app/google-photos/id962194608
app_store,Wow. Muy lindos le da vida amis fotos,2026-09-01,https://apps.apple.com/app/google-photos/id962194608
app_store,Google photos and in my Gmail too back up app. When I go to my Google photos and I take a screenshot after I edit it when I buy things at a store in different towns and different places why doesn’t it show up on top of the photo? Can you help me out? It used to and it stopped doing it. I don’t know if my settings are incorrectly.,2026-09-01,https://apps.apple.com/app/google-photos/id962194608
app_store,"Small paws boarding in Lenoir Coty TN. Last Thursday I drove 500 miles from my home to East Tennessee for my brothers celebration of life. I brought my 2 Pommies with me for company as this was my first trip to TN without my spouse who had passed away in the past year. I set up an account with rover.com and selected a place to board them for the weekend. But when I reached Lenoir City and looked for the place I couldn’t locate it nor could I get an answer on their phone. 2 gentlemen out for a walk tried to help me and came up with Small Paws as likely the place I was looking for. So off I went with the directions listed in Google. When o arrived i quickly realized this was not what I had booked. But when Nancy came out to greet me and the dogs, she was so welcoming and the boys seemed quite comfortable that I made the decision right there that they were going to stay at Small Paws until I returned home on Sunday. It was the best decision I could have made for all of us, even a convenient location to pick them up for the return home.",2026-09-01,https://apps.apple.com/app/google-photos/id962194608
app_store,"Back up stops at one point. I have been using this app to back ip my pictures for years. And ive always done it by selecting pictures manually and then backing up. But recently, backup slows down and stops entirely although it says “backing up” for hours on end. If i uninstall the app and reinstall, around 200 pictures back up normally. Then backup slows and then stops entirely again until i reinstall. Please fix this",2026-09-01,https://apps.apple.com/app/google-photos/id962194608
app_store,thanks. it is always a joy to the pictures you show me each day,2026-09-01,https://apps.apple.com/app/google-photos/id962194608
app_store,Doesn’t allow limited access to download. Zero stars,2026-09-01,https://apps.apple.com/app/google-photos/id962194608
app_store,GREAT Sharing platform. Google is the ultimate categorization tool. Thank you for always sending memories over the years and keeping track of life.,2026-09-01,https://apps.apple.com/app/google-photos/id962194608
app_store,👍🫵🏆. Awesome but go back 20 years there’s allot of photos still missing!!,2026-09-01,https://apps.apple.com/app/google-photos/id962194608
app_store,WomenRising. I just used this to put together a journal highlighting video of my daughter and I from 2016! It was breathtaking,2026-09-01,https://apps.apple.com/app/google-photos/id962194608
app_store,Photos iuploading. So slow I think its loading multiples,2026-08-31,https://apps.apple.com/app/google-photos/id962194608
app_store,Google Photos. I love using this. It’s the most amazing thing I’ve ever came across. Awesome. Awesome tool.,2026-08-31,https://apps.apple.com/app/google-photos/id962194608
app_store,"Terrible. This app automatically synced to my device and automatically uploaded all my pics to the app. When I deleted them off the app, they get deleted from my phone e. I’ve turned off backup and it still auto uploads. No matter what I turn off it still controls the photos on my phone. Amazon photos is way better and easier to use, with better app control",2026-08-31,https://apps.apple.com/app/google-photos/id962194608
app_store,Lake America. Lake America,2026-08-31,https://apps.apple.com/app/google-photos/id962194608
app_store,Inky the best cat in the world.. Some of his best and most relaxing poses.,2026-08-31,https://apps.apple.com/app/google-photos/id962194608
app_store,Back in the day. Only,2026-08-31,https://apps.apple.com/app/google-photos/id962194608
app_store,Selfies. I love most of the popouts Facebook does or the pop of color I love it❤️,2026-08-31,https://apps.apple.com/app/google-photos/id962194608
app_store,Photo memories. I absolutely love the edits of photos that google creates. I have a busy life and I don’t have time to do things like edit photos reels.,2026-08-31,https://apps.apple.com/app/google-photos/id962194608
app_store,Access. I hate that it won’t let me doing anything without granting full access. Why even give me the choice to choose which photos I want if I can’t do anything without giving full permission? I don’t want you having full access to all of my photos.,2026-08-31,https://apps.apple.com/app/google-photos/id962194608
app_store,"Holding me hostage until I pay for more storage!. Help, please stop! I do not want to pay for more storage! Please go away! Stop threatening to lock up my e,ails!",2026-08-31,https://apps.apple.com/app/google-photos/id962194608
app_store,In heaven Amuah K.. Great!!! 4 STARS,2026-08-31,https://apps.apple.com/app/google-photos/id962194608
app_store,it’s even easy for technologically disadvantaged.. I’m having such a good time learning how to make memories even more special,2026-08-30,https://apps.apple.com/app/google-photos/id962194608
app_store,Photos. Nothing beats memories from the past. Thank you⚾️🏐⛳️🥅,2026-08-30,https://apps.apple.com/app/google-photos/id962194608
app_store,Unfair trapping tactics. Why has Google made it so difficult to delete all photos and free up space? There probably is a way but surely not remotely an intuitive one which is annoying,2026-08-30,https://apps.apple.com/app/google-photos/id962194608
app_store,The storms. The month of September summer was 😣,2026-08-30,https://apps.apple.com/app/google-photos/id962194608
app_store,Google Pixs. I enjoy how they categorize pics. Makes it easy to find a photo.,2026-08-30,https://apps.apple.com/app/google-photos/id962194608
app_store,Excelencia. 💯 % recomendado,2026-08-30,https://apps.apple.com/app/google-photos/id962194608
app_store,Tigger. Lőve these videos,2026-08-30,https://apps.apple.com/app/google-photos/id962194608
app_store,Special photo memories. LOVE this option to save my photos and the collections that Google puts together are very special.,2026-08-30,https://apps.apple.com/app/google-photos/id962194608
app_store,Enjoying the videos. Totally enjoying this group of videos,2026-08-30,https://apps.apple.com/app/google-photos/id962194608
app_store,Best thing I did with my pictures. Every now and then Google Photos come out with a surprising collection of pictures. I just love it!,2026-08-29,https://apps.apple.com/app/google-photos/id962194608
app_store,Keeps on Freezing on Clean Storage Page. ^ The second I try to clean up a large file the app freezes every single time,2026-08-29,https://apps.apple.com/app/google-photos/id962194608
app_store,"Love Google Photos!. Not only does it store my photos in the Cloud, it does so much more! Checking out all the fun things I can do with my photos--make collages, edit, cinematic photos, photo to video, search, and a lot more. Very pleased!",2026-08-29,https://apps.apple.com/app/google-photos/id962194608
app_store,Juntos. Love the way my memories are m being able to remember them through google Awesome job,2026-08-29,https://apps.apple.com/app/google-photos/id962194608
app_store,Horrible for iOS. Slow uploads. New photos don’t show for people with shared album links. Takes an insanely long time to create a share link.,2026-08-29,https://apps.apple.com/app/google-photos/id962194608
app_store,"memories, that I had forgotten.. When Google puts pictures and videos from the past, in my hands, it always moves me!!!!! Bring back forgotten memories, images and thoughts, which brighten the moment!!🥰☺️😀👍🙏. It is of great value to me.",2026-08-29,https://apps.apple.com/app/google-photos/id962194608
app_store,Google photos. It saves my photos and it’s very cool,2026-08-29,https://apps.apple.com/app/google-photos/id962194608
app_store,Capturing the Memories. I love how Google Photos pull together pictures from the past!,2026-08-29,https://apps.apple.com/app/google-photos/id962194608
app_store,Broken photo upload. Whenever I try to make shared albums with friends most of the photos end up stuck in a partial upload state and at low quality resolution. There doesn’t seem to be any way to fix this other than deleting the imaging and trying the upload again. People have been reporting this issue since 2019 and Google either is too incompetent or doesn’t care enough to try and fix this.,2026-08-29,https://apps.apple.com/app/google-photos/id962194608
app_store,Mi pqueño josh. Muy bueno,2026-08-29,https://apps.apple.com/app/google-photos/id962194608
app_store,The Best. The ONLY way to save all of your photos and videos in an organized and easy to find format is to,2026-08-29,https://apps.apple.com/app/google-photos/id962194608
app_store,"Jamaica 2023. Time fly’s fast, so enjoy life each year and find a great church that you like and live for God!! So when this life is all most over you want have no regrets. I did, and still is when ever I can. Yes and love my church home. Thank God for my life. I will live for him.",2026-08-29,https://apps.apple.com/app/google-photos/id962194608
app_store,Excelente. Buena aplicación,2026-08-28,https://apps.apple.com/app/google-photos/id962194608
app_store,Mi hermosa madre. Tequiero mi amor,2026-08-28,https://apps.apple.com/app/google-photos/id962194608
app_store,"Perfect for editing your photos. Good filters, many tools for yours pic",2026-08-28,https://apps.apple.com/app/google-photos/id962194608
app_store,Eats up storage. I downloaded this for a school thing to upload a single photo and it uploaded my entire camera roll to the app and now wants me to pay for more storage and won’t let me get more emails. Stupid design.,2026-08-28,https://apps.apple.com/app/google-photos/id962194608
app_store,Thanks google. Thanks for improving and watching my hackers & dark web trafficking POs and documenting everything!Bro & sisters ✅🇺🇸,2026-08-28,https://apps.apple.com/app/google-photos/id962194608
app_store,"Google Photos and Services are hard to beat. For the price… google paid service is the best there is. For the same price as basic Dropbox subscription, (love Dropbox), you get 5Tb of storage, Gemini Pro and all the upgrades to Google Apps Nothing comes close for the price. I was paying the same amount for just ChatGPT, nothing else.",2026-08-28,https://apps.apple.com/app/google-photos/id962194608
app_store,Ilan con dos años. Kissimmee 2023,2026-08-28,https://apps.apple.com/app/google-photos/id962194608
app_store,The Wedding. Marital bliss for Drew and Andreea 💕,2026-08-28,https://apps.apple.com/app/google-photos/id962194608
app_store,My baby boy…. Awesome to see the times we have had. Love it…,2026-08-28,https://apps.apple.com/app/google-photos/id962194608
app_store,"My garden. Fabulous work , I always enjoy your work",2026-08-27,https://apps.apple.com/app/google-photos/id962194608
app_store,My video memories. I love the videos it puts together,2026-08-27,https://apps.apple.com/app/google-photos/id962194608
app_store,stop badgering me. Stop telling me to turn on backup every time I open it. I don't want to. Get the hint and leave me alone.,2026-08-27,https://apps.apple.com/app/google-photos/id962194608
app_store,Beautiful. I love it,2026-08-27,https://apps.apple.com/app/google-photos/id962194608
app_store,Brenda 2017. Brendski,2026-08-27,https://apps.apple.com/app/google-photos/id962194608
app_store,"Álbum fotos google. Luchos una excelente Herramienta para coleccionas las fotografías más preciadas, gracias.",2026-08-27,https://apps.apple.com/app/google-photos/id962194608
app_store,Albums. I cannot navigate on an iPhone to any of my albums and links to them on safari crash,2026-08-27,https://apps.apple.com/app/google-photos/id962194608
app_store,Vida y familia. Amo estos recuerdos.,2026-08-27,https://apps.apple.com/app/google-photos/id962194608
app_store,Fotos 👍🏻. Trae momentos especiales de mi vida 🤍,2026-08-27,https://apps.apple.com/app/google-photos/id962194608
app_store,Memory. Like summarized video for family and events,2026-08-26,https://apps.apple.com/app/google-photos/id962194608
app_store,I Love Camp. Pool Eat,2026-08-26,https://apps.apple.com/app/google-photos/id962194608
app_store,Mi Neguito. Mi hija hermosa,2026-08-26,https://apps.apple.com/app/google-photos/id962194608
app_store,Verified. I sure love the way they put your old memories together and make you remember good memories buried within thousands of pictures and videos.,2026-08-26,https://apps.apple.com/app/google-photos/id962194608
app_store,Updating visual enhancements. Would be welcome,2026-08-26,https://apps.apple.com/app/google-photos/id962194608
app_store,Ali’s surprise 10th anniversary as manager of Warrensville Library. 🙌🏽❤️,2026-08-26,https://apps.apple.com/app/google-photos/id962194608
app_store,Prefect. Hard to find right word prefect,2026-08-25,https://apps.apple.com/app/google-photos/id962194608
app_store,Gracias. Maravillosa aplicacion y sorprendente manera de quitarle a uno culquier mal sabir se boca o tristesa que tenga,2026-08-25,https://apps.apple.com/app/google-photos/id962194608
app_store,Editing. I Google Photos was a place to store your photos but I was browsing and saw you can do all kinds of edits for FREE unlike all the apps you download that claim it,2026-08-25,https://apps.apple.com/app/google-photos/id962194608
app_store,They grow up fast. Great tool,2026-08-25,https://apps.apple.com/app/google-photos/id962194608
app_store,Love Google Photos!. I love Google everything! Our pictures are so clear. Thankyou!,2026-08-25,https://apps.apple.com/app/google-photos/id962194608
app_store,✌️❣️✨. I’ve ALWAYS used my Google Photos no matter What Kind of Phone I’ve HAD 😇🎶😇,2026-08-25,https://apps.apple.com/app/google-photos/id962194608
app_store,Es la mejor app para guardar los momentos de nuestras familias y encontrarlos tan rápido con nombre. MomRaidy,2026-08-24,https://apps.apple.com/app/google-photos/id962194608
app_store,"MONTHLY VIEW!!. I read where Support answered another reviewer but I do NOT have this option! I updated to the latest update and still no changes! “You can now restore the date separators in your timeline. In the Google Photos app, simply tap your Profile picture > Photos settings > Preferences > Photos view, and toggle on 'Show dates in grid'.” Under Photos View, I ONLY have ‘Stack similar photos’ and ‘Show shimmer’ May 1, 2026: I WANT OFF THIS ISLAND!! These updates are seriously getting worse with EVERY update since changing and removing the monthly layout! July 4th: The updates are steady getting worse! Google Photos literally stopped working for me on July 3rd. It started freezing and not opening all the way. Multiple phone reboots did nothing. I hesitated but gave in and updated to the latest version - just as bad! App steady freezes! I click on Memories and when I try to scroll through the photos, it freezes. I force-close and reboot my phone and still no changes! Every thing was fine until you updated the app and removed the monthly layout. Please change it back and leave the app alone!! This is ridiculous, especially for those who’ve been rocking with this app for YEARS!",2026-08-24,https://apps.apple.com/app/google-photos/id962194608
app_store,REYNAEDITH. Rmzsalinas,2026-08-24,https://apps.apple.com/app/google-photos/id962194608
app_store,Frees up a lot of storage. This app can store all my photos while taking up significantly less storage than the built in photos app (on my iPad). Instantly freed up 10+ GB without having to lose any of my photos,2026-08-24,https://apps.apple.com/app/google-photos/id962194608
app_store,Classics. Awesome selection…,2026-08-24,https://apps.apple.com/app/google-photos/id962194608
app_store,Simplemente. Amazing 👍👍👍👍👍,2026-08-24,https://apps.apple.com/app/google-photos/id962194608
app_store,He’s blessing is hm. Love it,2026-08-24,https://apps.apple.com/app/google-photos/id962194608
app_store,Crashes when …. … backing up photos.,2026-08-24,https://apps.apple.com/app/google-photos/id962194608
app_store,"So grateful. Years ago, a phone was stolen with all my photos. I was so heartbroken had Google setup so when it was stolen this time I had my back up and I didn’t lose any of my grandchildren’s pictures and my family pictures",2026-08-24,https://apps.apple.com/app/google-photos/id962194608
app_store,Awesome!. Perfection in selection.,2026-08-24,https://apps.apple.com/app/google-photos/id962194608
app_store,Review. Love this app it keeps my memories,2026-08-24,https://apps.apple.com/app/google-photos/id962194608
app_store,Look at Backups. Funny! It’s a great idea!,2026-08-23,https://apps.apple.com/app/google-photos/id962194608
app_store,Auto Generated Video’s. I love the video’s that Google makes for me via timelines. Endless appreciation and gratitude. ✨,2026-08-23,https://apps.apple.com/app/google-photos/id962194608
app_store,Bruh. It keeps telling me I’m out of storage right after I clear up half my storage and now my Gmail is telling me that I’m about to stop receiving emails shortly because this stupid app is taking up all of my storage… like broskie GET A GRIP!,2026-08-23,https://apps.apple.com/app/google-photos/id962194608
youtube,"Nice it's working, thank you 🌷💚",2026-01-06,https://www.youtube.com/watch?v=K_Iky3TS-Wo
youtube,Thanks bro .its working,2026-01-31,https://www.youtube.com/watch?v=K_Iky3TS-Wo
youtube,Bhai similar face vala kaise kare 😢,2026-08-11,https://www.youtube.com/watch?v=K_Iky3TS-Wo
youtube,My photos aren't showing on google cloud 😔,2025-06-09,https://www.youtube.com/watch?v=o44v9PZpH-I
youtube,Thanks bro very helpful video so many people doing videos fakely but urs helps me❤️❤️,2025-03-30,https://www.youtube.com/watch?v=o44v9PZpH-I
youtube,"If you search images of something on Google, the images are not always in the same order. For example, in the images of Lori Loud from The Loud House on Google, there used to be an image where Lori stands in front of a fridge shrugging which is from an episode of which I forgot the name, and one where she sits at a table with a pencil in her mouth. There were also some images from the episode of Adventure Time ""Something Big"", such as one where Princess Bubblegum stands somewhere in the part when she wondered where is Finn, one where she stood and said ""Alright"" before she went on the flying swan, and one where she is on the swan before it flies away, in which she also has a green outline.",2024-05-02,https://www.youtube.com/watch?v=o44v9PZpH-I
youtube,"Best fix is, turn off ur backup settings for a while, search ur old photos which u want to download and the turn ur back up settings to on",2024-06-05,https://www.youtube.com/watch?v=o44v9PZpH-I
youtube,Thank you so much for the brilliant easy to follow video. Photos now available on Laptop.,2024-06-02,https://www.youtube.com/watch?v=o44v9PZpH-I
youtube,Bro mere me sirf stabilization Wala hi option h or kus nhi ata ha Kya kru😢,2023-10-16,https://www.youtube.com/watch?v=o44v9PZpH-I
youtube,What do you do if Google photos are not showing all of them in Google files?,2024-01-01,https://www.youtube.com/watch?v=o44v9PZpH-I
youtube,Turned off backup then back on and it fixed it!,2026-04-27,https://www.youtube.com/watch?v=o44v9PZpH-I
youtube,google photo shayari photo not see my photo I see her photo Please help me 🙏🏻,2024-03-05,https://www.youtube.com/watch?v=o44v9PZpH-I
youtube,"Try turning on your backup of perticular account , it will definitely work, I just solved like this",2024-01-18,https://www.youtube.com/watch?v=o44v9PZpH-I
youtube,Issue solved bro thanks,2025-01-10,https://www.youtube.com/watch?v=o44v9PZpH-I
youtube,Thank you for your video it did help me!❤,2026-08-17,https://www.youtube.com/watch?v=o44v9PZpH-I
youtube,I uninstalled it and then installed it back and now it's working fine. Thanks alot,2024-11-16,https://www.youtube.com/watch?v=o44v9PZpH-I
youtube,Library me nhi dikhata or photos wale icon par click krne par dikha rha hai please help,2024-06-05,https://www.youtube.com/watch?v=o44v9PZpH-I
youtube,You help with nothing dude. 🤦,2025-03-30,https://www.youtube.com/watch?v=o44v9PZpH-I
youtube,Thank you so much ❤❤❤,2025-05-13,https://www.youtube.com/watch?v=o44v9PZpH-I
youtube,Thankyou so much mil gyi photo Mera phone reset ho gya tha Google photos me sb photo aa gyi thi maga locked folder vali nhi aayi abhi sb mil gyi,2026-08-09,https://www.youtube.com/watch?v=DGffLEhxLT8
youtube,Dil se dhanyawad bro 😎👌🤝🙏🙏🙏,2026-07-11,https://www.youtube.com/watch?v=DGffLEhxLT8
youtube,Thanks bro 🙏 Working In Vivo,2026-03-05,https://www.youtube.com/watch?v=DGffLEhxLT8
youtube,Thanks Meri picks wapis agaye hain❤🎉🎉,2026-07-18,https://www.youtube.com/watch?v=DGffLEhxLT8
youtube,Thankyou so much mera bhai ❤,2026-04-06,https://www.youtube.com/watch?v=DGffLEhxLT8
youtube,Yeah but it doesn't work on my phone,2025-11-12,https://www.youtube.com/watch?v=DGffLEhxLT8
youtube,Thanku bhai 🎉🎉 it's working guy's,2026-01-15,https://www.youtube.com/watch?v=DGffLEhxLT8
youtube,Two days on the photo recovery app zero photos recovdred. But kots of ads lots,2026-01-13,https://www.youtube.com/watch?v=DGffLEhxLT8
youtube,Thik kaha apne photos sab mil jata he lakin delete videos kahan milega kya ap bata sakte ho bhai please?,2026-04-28,https://www.youtube.com/watch?v=DGffLEhxLT8
youtube,Please make on new version on Google photos,2025-09-03,https://www.youtube.com/watch?v=DGffLEhxLT8
youtube,Bina backup ka reset ho gaya uske liye ek video please,2026-05-21,https://www.youtube.com/watch?v=DGffLEhxLT8
youtube,Muze help chahiye mai delete kiye huwe photo return aajate hai gallery me use kaise band karu plz bataiye,2026-04-08,https://www.youtube.com/watch?v=DGffLEhxLT8
youtube,WhatsApp se delete hua photo video wapas a sakte hain,2026-05-31,https://www.youtube.com/watch?v=DGffLEhxLT8
youtube,very very thank you bro,2025-09-26,https://www.youtube.com/watch?v=DGffLEhxLT8
youtube,Bhai g ben se b delete ho gye h permanently photo we kaise aaye g,2025-12-07,https://www.youtube.com/watch?v=DGffLEhxLT8
youtube,Thank you Bhai .how to download,2025-10-21,https://www.youtube.com/watch?v=DGffLEhxLT8
youtube,Vo backup photos he 😢 ek bar Jo dlt huve to tum marneke bad bhi wapas nahi la sakte,2026-09-05,https://www.youtube.com/watch?v=DGffLEhxLT8
youtube,Unsaved creation se koi bhi ek pic kaise nikale 😢,2026-03-18,https://www.youtube.com/watch?v=DGffLEhxLT8
youtube,thank you so much vaii,2025-11-04,https://www.youtube.com/watch?v=DGffLEhxLT8
youtube,Unsaved osthunaye recycle bin kavali bro,2026-05-14,https://www.youtube.com/watch?v=DGffLEhxLT8
youtube,I tried but there is nothing.,2026-05-09,https://www.youtube.com/watch?v=DGffLEhxLT8
youtube,Bhaiya video bhi a jayegi kya ??,2026-05-23,https://www.youtube.com/watch?v=DGffLEhxLT8
youtube,Kuch picture nehi hen bhai it’s not working …,2026-04-21,https://www.youtube.com/watch?v=DGffLEhxLT8
youtube,Bhai isko gallery mein kaise laen please bata do,2026-06-24,https://www.youtube.com/watch?v=DGffLEhxLT8
youtube,Jo chahiye wo hi to nhi aa rhe h Aur to aur limited time tak hi hai visible Kuch months before wali bhi nhi mil rhi h,2026-03-14,https://www.youtube.com/watch?v=DGffLEhxLT8
youtube,Is me se hi photo delete ho gaye he ky kre😢,2026-04-03,https://www.youtube.com/watch?v=DGffLEhxLT8
youtube,Tab me kiya ha mene but Kuch nahi araha ....,2026-04-01,https://www.youtube.com/watch?v=DGffLEhxLT8
youtube,It's not working 😞 my All picture deleted 😭,2026-06-26,https://www.youtube.com/watch?v=DGffLEhxLT8
youtube,Realme c71 please btaiye video delete ho jaye to kaise nikale,2026-07-27,https://www.youtube.com/watch?v=DGffLEhxLT8
youtube,Realme narzo n 61 model mey woh option nahi hey,2025-10-07,https://www.youtube.com/watch?v=DGffLEhxLT8
youtube,Jo chahiye wo nhi mil rha hai,2026-02-17,https://www.youtube.com/watch?v=DGffLEhxLT8
youtube,But last one file not recover,2026-05-17,https://www.youtube.com/watch?v=DGffLEhxLT8
youtube,I tried but there is no use,2026-05-06,https://www.youtube.com/watch?v=DGffLEhxLT8
youtube,Suggestion ka option hi nahi aata he,2026-05-17,https://www.youtube.com/watch?v=DGffLEhxLT8
youtube,Why is it not working then,2026-03-14,https://www.youtube.com/watch?v=xhmDAqv_HU8
youtube,Nahi ho raha hai sir,2026-03-26,https://www.youtube.com/watch?v=xhmDAqv_HU8
youtube,Tum kar rahe hue sakaish kare,2026-04-06,https://www.youtube.com/watch?v=xhmDAqv_HU8
youtube,OMGGG THANK YOUUU SO MUCH IM ABOUT TO CRY IVE BEEN TRYING TO FIX THIS FOR MONTHS NOW I SUBBED TY SO MUCH,2024-08-14,https://www.youtube.com/watch?v=_hE22nMDh88
youtube,Ese krne sabke blue chale jayege kya pls reply,2025-09-13,https://www.youtube.com/watch?v=_hE22nMDh88
youtube,"For me not showing latest, hd, gif, product...options are not on google images how can i get? 😟",2024-05-05,https://www.youtube.com/watch?v=_hE22nMDh88
youtube,I have given permission in setting for unknown installation of apps than also apk from chrome is not installing i am trying very much i have also seen many videos than also not working plz help mee,2024-07-15,https://www.youtube.com/watch?v=_hE22nMDh88
youtube,Uninstaller the chrome app and then install it really works,2024-08-14,https://www.youtube.com/watch?v=_hE22nMDh88
youtube,download failed problem can u tell me solution of this problem plezz reply,2024-05-01,https://www.youtube.com/watch?v=_hE22nMDh88
youtube,Sir why my web scanner is not working..it's showing to update google crome then I update still it's showing to update..plz sir solve my problem,2025-11-11,https://www.youtube.com/watch?v=_hE22nMDh88
youtube,Bhai Google chrome ke mai ek account me kuchh search karta hu aur phir mai account switch karta hu to jo maine account mei search Kiya vo switch kiye hue account ke bhi history me aa jata hai. Mai sabhi accounts ka data alag rakhna chahta hu iska koi upaye hai?,2024-12-01,https://www.youtube.com/watch?v=_hE22nMDh88
youtube,"i want to give review,but when i give review,on google ,it showing pending,after some time its showing not posting,how to solve it?",2025-05-30,https://www.youtube.com/watch?v=_hE22nMDh88
youtube,Airtel valo me bhi prb hai or bss jio sim valo ko??,2024-06-22,https://www.youtube.com/watch?v=_hE22nMDh88
youtube,How can i allow notifications for a specific site after i reset that permission,2023-05-30,https://www.youtube.com/watch?v=_hE22nMDh88
youtube,why chrome browsing very slow while watch videos,2024-05-30,https://www.youtube.com/watch?v=_hE22nMDh88
youtube,Bhai aaj teri vjh se mera live hone lg gya he tnx bhai,2023-06-18,https://www.youtube.com/watch?v=_hE22nMDh88
youtube,Thank you so much sir very good job 🙏🙏,2024-11-12,https://www.youtube.com/watch?v=_hE22nMDh88
youtube,Sir muje isme camera m ask first s allow krna h kese hoga,2024-05-14,https://www.youtube.com/watch?v=_hE22nMDh88
youtube,Bhai ye block rkhna h kya third party cookies wala,2025-04-28,https://www.youtube.com/watch?v=_hE22nMDh88
youtube,Chrome history delete karne ke bad agale din FIR usmein show hota hai ki humne Kya search kiya hai,2025-04-05,https://www.youtube.com/watch?v=_hE22nMDh88
youtube,Sir mera mobile pr chrome pe system protect ka notification ate rehata ha hathtahi nahi ha,2023-12-04,https://www.youtube.com/watch?v=_hE22nMDh88
youtube,Thankyou so much its working ❤❤❤,2024-06-07,https://www.youtube.com/watch?v=_hE22nMDh88
youtube,Ab to bohut sari aisi website aagayi hain bina cookies ko allow kiye website chalti hi nahi hain,2024-06-05,https://www.youtube.com/watch?v=_hE22nMDh88
youtube,dowload pause krte hi restart ho jata hai kya kare,2024-01-04,https://www.youtube.com/watch?v=_hE22nMDh88
youtube,Bhaiya googal pr search history show nhi ho raha hai kese thik kre please help me and jo bhi search kar rahe hai wo hat ja raha hai please help me,2024-05-11,https://www.youtube.com/watch?v=_hE22nMDh88
youtube,आपका बहुत-बहुत धन्यवाद भाई आपकी ये इतनी छोटी सी वीडियो ने हमारी समस्या का समाधान कर दिया यूट्यूब पर इतनी बड़ी बड़ी वीडियो है उससे हमारी समस्या का समाधान नहीं हुया एक बार दुबारा बहुत बहुत धन्यवाद श्रीं सीता राम की जय हो,2024-07-29,https://www.youtube.com/watch?v=_hE22nMDh88
youtube,"Site setting not available in setting, how?",2024-07-20,https://www.youtube.com/watch?v=_hE22nMDh88
youtube,Did that...still happens constantly,2024-06-04,https://www.youtube.com/watch?v=_hE22nMDh88
youtube,How do i edit todays date to a week ago in there,2023-09-30,https://www.youtube.com/watch?v=_hE22nMDh88
youtube,Thanks a lottttt bhiaya mujhe toh bahuth sare websites like byjus open hi nahi horahe theh thanks a lot bhaiya,2023-03-24,https://www.youtube.com/watch?v=_hE22nMDh88
youtube,"Psalms 30:2 [2]O LORD my God, I cried unto thee, and thou hast healed me. Oh Panginoon kong Dios, dumaing ako sa iyo, at ako'y pinagaling mo.",2023-06-18,https://www.youtube.com/watch?v=_hE22nMDh88
youtube,Is this only for Samsung or will this work for Vivo as well???,2026-05-02,https://www.youtube.com/watch?v=_hE22nMDh88
youtube,It's working bro tq🤝,2024-03-18,https://www.youtube.com/watch?v=_hE22nMDh88
youtube,Mera to yahi wala pehle se on hai but fir bhi browser baar baar auto on ho raha hai,2024-08-07,https://www.youtube.com/watch?v=_hE22nMDh88
youtube,Thenks bro i reaaly need this,2024-11-07,https://www.youtube.com/watch?v=_hE22nMDh88
youtube,Bro there is no cookies😢 on top of the location,2024-11-14,https://www.youtube.com/watch?v=_hE22nMDh88
youtube,Thank. You. Sir👌👌👌👌👌,2024-12-30,https://www.youtube.com/watch?v=_hE22nMDh88
youtube,I already did and its still happening,2025-05-15,https://www.youtube.com/watch?v=_hE22nMDh88
youtube,Thank you very much ❤,2025-01-08,https://www.youtube.com/watch?v=_hE22nMDh88
youtube,Pop up menu me only blank aaraha hai kya kare Example- select the district me click kare to only blank aaraha hai district names nehi dikha rha hai kya kare please reply me,2023-08-07,https://www.youtube.com/watch?v=_hE22nMDh88
youtube,Y google error k liy h kya,2025-04-16,https://www.youtube.com/watch?v=_hE22nMDh88
youtube,Thank bahi Mai bahut pareshan thi aapane problem dur ker de so so so thanks❤,2023-03-24,https://www.youtube.com/watch?v=_hE22nMDh88
youtube,How do i cancel an upload of a video?,2026-05-04,https://www.youtube.com/watch?v=B1nshGEUiZo
youtube,Why I have 2TB storage and you have only 15 GB 😵‍💫,2025-12-04,https://www.youtube.com/watch?v=B1nshGEUiZo
youtube,It worked. Thanks so much! ❤,2026-07-25,https://www.youtube.com/watch?v=B1nshGEUiZo
youtube,No becuz I still take a picture and it still goes to Google photos,2025-08-10,https://www.youtube.com/watch?v=B1nshGEUiZo
youtube,"Thank you, It's work",2026-01-02,https://www.youtube.com/watch?v=B1nshGEUiZo
youtube,But are the photos still on my phone?,2025-09-07,https://www.youtube.com/watch?v=B1nshGEUiZo
youtube,What happens when it is turned off and what happens when it is turned on?,2025-09-16,https://www.youtube.com/watch?v=B1nshGEUiZo
youtube,"This doesn’t work, photos are still saved on google photos",2026-02-08,https://www.youtube.com/watch?v=B1nshGEUiZo
youtube,Nahi hota delete kess hoga ye batao,2025-08-28,https://www.youtube.com/watch?v=B1nshGEUiZo
youtube,Hide than aguthu total delete aga matangthu,2025-12-26,https://www.youtube.com/watch?v=B1nshGEUiZo
youtube,"Thanks you..! My email was screaming at me that it was full and wanted me to pay for Google Space, heck no its not, I got a TB phone, stop backing up my crap, i'll tell you when I need it LOL",2026-08-21,https://www.youtube.com/watch?v=B1nshGEUiZo
youtube,Aumar photo and video pabo,2025-09-27,https://www.youtube.com/watch?v=B1nshGEUiZo
youtube,Reset kuduthuta epadi bro thirumba photos recover pandrathu,2026-05-15,https://www.youtube.com/watch?v=B1nshGEUiZo
youtube,"भाई तुने बताया वैसे मेने back up बंद कर दिया लेकिन गुगल फोटो में बहोत सारी फोटो हे जिसपर गुगल ड्राइव्ह का सिम्बॉल दिख रहा हे, वो कैसे हटावू?? याफिर उन फोटो को कैसे दुबारा फोन मेमरी में लावू..?",2026-05-15,https://www.youtube.com/watch?v=B1nshGEUiZo
youtube,Thanks for how many years huhu,2026-07-04,https://www.youtube.com/watch?v=B1nshGEUiZo
youtube,"I did, but still uploading",2026-08-27,https://www.youtube.com/watch?v=B1nshGEUiZo
youtube,Ty i really need this,2026-08-06,https://www.youtube.com/watch?v=_2vm40I03yc
youtube,Google photos main screenshot backup off kaise Karen??????? Please bata dijiye🙏,2024-01-05,https://www.youtube.com/watch?v=nZfTqlUT-ps
youtube,Abe jab batana hi nhi tha to vidio kyo banai 😅😅😂,2024-07-07,https://www.youtube.com/watch?v=nZfTqlUT-ps
youtube,I dont understand why iphone doesn’t make it accessible on safari wich is their main browswer,2023-06-08,https://www.youtube.com/watch?v=lkVlcjeusjA
youtube,how to video stable in iphone by google photo video stable is already given in android by google photo but this option not showing in iphone,2023-01-01,https://www.youtube.com/watch?v=lkVlcjeusjA
youtube,no extra app on samsung S24+ (and others I'm sure.) have a similar feature. as long as the image is on the screen press and hold the home button. the screen will change color. Just circle the item in the images and the AI will do a Google search.,2024-09-04,https://www.youtube.com/watch?v=lkVlcjeusjA
youtube,How do you print a image off of Google on the phone?😢,2024-12-06,https://www.youtube.com/watch?v=lkVlcjeusjA
youtube,I have an iPhone 14 Pro Max and it’s not working on my phone,2024-05-01,https://www.youtube.com/watch?v=lkVlcjeusjA
youtube,"You could also go to the Google lens search and attach the photo instead of dragging it, and all that",2024-12-09,https://www.youtube.com/watch?v=lkVlcjeusjA
youtube,"Why can't I just circle the image to search, like you can on Samsung?",2025-03-23,https://www.youtube.com/watch?v=lkVlcjeusjA
youtube,Doesn’t work. Like I see the + sign but nothing happens,2026-03-24,https://www.youtube.com/watch?v=lkVlcjeusjA
youtube,Ok I tried this and nothing happen I waiting to see the little plus sign but nothing is there another way,2025-05-26,https://www.youtube.com/watch?v=lkVlcjeusjA
youtube,"Or, install the Google app > tap share button in the photos app > add “search with Google lens“",2024-07-14,https://www.youtube.com/watch?v=lkVlcjeusjA
youtube,Doesn’t work o. iPhone 14 either.,2024-05-29,https://www.youtube.com/watch?v=lkVlcjeusjA
youtube,You don't even have to do that just copy the image even if it's on your phone or not and paste it into the Google lens search bar,2026-03-24,https://www.youtube.com/watch?v=lkVlcjeusjA
youtube,Use to be a one step process to do this. They make it more complicated with each new update,2024-09-14,https://www.youtube.com/watch?v=lkVlcjeusjA
youtube,Maaaan I didnt know you can drag drop images between apps,2024-08-15,https://www.youtube.com/watch?v=lkVlcjeusjA
youtube,This didnt work for my iphone when the plus appeared and i let it go it just sat there then disappeared after a second,2024-12-19,https://www.youtube.com/watch?v=lkVlcjeusjA
youtube,It’s so simple and easy it might comes in handy,2023-06-24,https://www.youtube.com/watch?v=lkVlcjeusjA
youtube,My ESSA as been mistaken for a fox many times but it’s actually a New Guinea singing dog and they have a red tint and kinda do look like foxes irl,2026-01-08,https://www.youtube.com/watch?v=lkVlcjeusjA
youtube,No work in iPhone 13pro,2024-12-26,https://www.youtube.com/watch?v=lkVlcjeusjA
youtube,"Often, over simplification triggers over complication - Unknown",2024-06-28,https://www.youtube.com/watch?v=lkVlcjeusjA
youtube,Doesn't work on my iphone,2025-08-13,https://www.youtube.com/watch?v=lkVlcjeusjA
youtube,"Trying it, not working",2023-11-23,https://www.youtube.com/watch?v=lkVlcjeusjA
youtube,where is elleighs makeup bag from?,2025-03-01,https://www.youtube.com/watch?v=lkVlcjeusjA
youtube,Now you can just Copy the picture by press and hold and copy in an app like whatsapp In your photos app theres 3 dots on the upper right click there and copy Open google And just paste. Its that simple,2025-07-21,https://www.youtube.com/watch?v=lkVlcjeusjA
youtube,Where did you find those,2025-11-21,https://www.youtube.com/watch?v=lkVlcjeusjA
youtube,Doesn’t show the plus sign on image,2024-02-16,https://www.youtube.com/watch?v=lkVlcjeusjA
youtube,Guys I also try a it doesn't work,2024-11-09,https://www.youtube.com/watch?v=lkVlcjeusjA
youtube,Didn’t work for me 😢,2024-04-30,https://www.youtube.com/watch?v=lkVlcjeusjA
youtube,Mine won’t leave photos,2025-07-12,https://www.youtube.com/watch?v=lkVlcjeusjA
youtube,Why you not using google lens instead. You are complicating,2025-05-28,https://www.youtube.com/watch?v=lkVlcjeusjA
youtube,"Haha, that wasn’t new for me, but omg you can drag and drop while changing apps?! 😲",2024-04-02,https://www.youtube.com/watch?v=lkVlcjeusjA
youtube,Bruuh....use circle to scearch wayy eazy...soo useful to me,2024-11-27,https://www.youtube.com/watch?v=lkVlcjeusjA
youtube,That’s helped so much tyyy,2025-04-28,https://www.youtube.com/watch?v=lkVlcjeusjA
youtube,"Doesn’t work, no green plus",2026-04-18,https://www.youtube.com/watch?v=lkVlcjeusjA
youtube,"""Put your finger on the screen."" The finger disappears before you have finished calling attention to the fact that there was a finger on the screen for 3 seconds.",2024-11-30,https://www.youtube.com/watch?v=lkVlcjeusjA
youtube,Doesn’t have the plus sign,2024-07-03,https://www.youtube.com/watch?v=lkVlcjeusjA
youtube,"This didn’t work for me. I have IOS 17.2.1. When I drug the photo up to the search area on the Google app, the + sign never appeared. Any suggestions?",2023-12-23,https://www.youtube.com/watch?v=lkVlcjeusjA
youtube,"Thanks, I haven't seen this anywhere.",2024-11-16,https://www.youtube.com/watch?v=lkVlcjeusjA
youtube,How to get it back I deleted it,2024-08-29,https://www.youtube.com/watch?v=lkVlcjeusjA
youtube,I have replayed this 20 times. I still cannot follow your directions because of the speed at which you give them.,2024-11-30,https://www.youtube.com/watch?v=lkVlcjeusjA
youtube,Can't find none of the ones that have a race already on me for my other Gmail,2026-05-18,https://www.youtube.com/watch?v=ADWWe1kcLUo
youtube,I got eight emails don't remember everyone home can't recover screenshots from home,2026-05-18,https://www.youtube.com/watch?v=ADWWe1kcLUo
youtube,You saved my sanity. 😂 All of a sudden I couldn't find my screenshots in the gallery where I've found them in the past for years! Your suggestion of holding the photo icon on the homepage worked Perfectly! Thank you !,2024-08-10,https://www.youtube.com/watch?v=YO1icFHngMs
youtube,"Thanks autobot voice, it helped me",2024-08-20,https://www.youtube.com/watch?v=YO1icFHngMs
youtube,"Thanks. Great help, I couldn't find my recent ones",2024-05-29,https://www.youtube.com/watch?v=YO1icFHngMs
youtube,Thanks. You are incredibly helpful!,2024-09-18,https://www.youtube.com/watch?v=YO1icFHngMs
youtube,"Thank you so much, you're a livesaver",2024-06-08,https://www.youtube.com/watch?v=YO1icFHngMs
youtube,Thank you for saving my sanity dude.,2024-11-01,https://www.youtube.com/watch?v=YO1icFHngMs
youtube,Thanks for the valuable information,2024-03-14,https://www.youtube.com/watch?v=YO1icFHngMs
youtube,I have no clue where any if my albums are anymore. I use to have an albums section on the photos app.,2024-08-31,https://www.youtube.com/watch?v=YO1icFHngMs
youtube,stupid android update one after another smh. the damn screenshots should be findable on file explorers. man I'm sick with these stupid updates,2025-11-24,https://www.youtube.com/watch?v=YO1icFHngMs
youtube,"trouble moving out of locked folder,try again later",2023-04-11,https://www.youtube.com/watch?v=URzMaBj-ZtA
youtube,in google photos app not comming screenshot foulder screenshoting going camera foulder please solve,2022-01-28,https://www.youtube.com/watch?v=URzMaBj-ZtA
youtube,Mere Emil ye me staring te chla ri hu mere photo wapis kse aaye ge na to goggle photo me h na hi Emil me wapis aa sakte h Emil wahi h plzzz reply krna,2024-09-29,https://www.youtube.com/watch?v=URzMaBj-ZtA
youtube,Mera 2 phone ke andar aka gmail ID login he aka phone se photo uthane ke bata Google photos backup karke Ara aka phone ka gallery ka andar ajati ye . Google photos se kya karne ke bata oo esi Phone ka andar Nehi ayenge. Please Help 🙏🙏,2024-05-31,https://www.youtube.com/watch?v=URzMaBj-ZtA
youtube,Mere camera ki photo aur sara screenshot delete hogye he kya kru yrr koi btaye ga,2022-11-20,https://www.youtube.com/watch?v=URzMaBj-ZtA
youtube,Google photo Google photo se delete kiye gaye photo dusri jagah se bhi delete ho,2023-05-28,https://www.youtube.com/watch?v=URzMaBj-ZtA
youtube,recently deleted ka option nhi h,2021-06-21,https://www.youtube.com/watch?v=URzMaBj-ZtA
youtube,Bhai 4 month phle screenshot delete ho gya tha wo kaisi waps le,2022-06-04,https://www.youtube.com/watch?v=URzMaBj-ZtA
youtube,Mere phone me h ss ka option,2023-04-01,https://www.youtube.com/watch?v=URzMaBj-ZtA
youtube,permanently delete ho gya tha,2021-06-21,https://www.youtube.com/watch?v=URzMaBj-ZtA
youtube,Screenshot ko band kaise kre kyoki screenshot ka backup jruri nhi h,2021-11-27,https://www.youtube.com/watch?v=URzMaBj-ZtA
youtube,Screenshot ka back nhi lena hai kaise band kare,2024-02-23,https://www.youtube.com/watch?v=URzMaBj-ZtA
youtube,Download video back band krna h,2021-11-01,https://www.youtube.com/watch?v=URzMaBj-ZtA
youtube,Thank you so much It really helped I found it (photos and videos) ❤️,2023-05-21,https://www.youtube.com/watch?v=JYl2jgvQpRc
youtube,Thank you so much bro kitne dino se dhund rahe the,2023-03-13,https://www.youtube.com/watch?v=JYl2jgvQpRc
youtube,Thanks man you are just amazing ❤,2023-12-13,https://www.youtube.com/watch?v=JYl2jgvQpRc
youtube,Sabse badhiya video bina kisi bakwaas ke bohot acha bataya,2025-08-26,https://www.youtube.com/watch?v=JYl2jgvQpRc
youtube,Thanks u bro .❤ very effective video ... 👍👍👍👍,2024-05-27,https://www.youtube.com/watch?v=JYl2jgvQpRc
youtube,Bhai samjh nahi aa raha hai apko kese tq bolu apka bahut bahut dhanyabad ❤❤,2024-07-10,https://www.youtube.com/watch?v=JYl2jgvQpRc
youtube,100% working Bhai Thank you ♥️,2023-03-19,https://www.youtube.com/watch?v=JYl2jgvQpRc
youtube,Thank you very very much 🙏🎉🎉. its very helpful,2023-08-16,https://www.youtube.com/watch?v=JYl2jgvQpRc
youtube,thank you ..this helped me a lot,2023-04-11,https://www.youtube.com/watch?v=JYl2jgvQpRc
youtube,Thanks 👍 sir ji baht accha jankari diye h,2023-03-04,https://www.youtube.com/watch?v=JYl2jgvQpRc
youtube,Thank you so much for this video bro❤,2023-03-17,https://www.youtube.com/watch?v=JYl2jgvQpRc
youtube,Thank you❤ so much🎉 aan mujhe first time kise ki video mere kam aai or wo bhi sahi sahi..... Thanks,2024-03-07,https://www.youtube.com/watch?v=JYl2jgvQpRc
youtube,"Thank you Bhai , zindagi set hai teri",2023-03-29,https://www.youtube.com/watch?v=JYl2jgvQpRc
youtube,Tysm ❤️ sir I really help full video,2023-08-25,https://www.youtube.com/watch?v=JYl2jgvQpRc
youtube,Very nice information bro❤😊,2024-10-13,https://www.youtube.com/watch?v=JYl2jgvQpRc
youtube,Thanks meri jaan ❤❤❤ Love you Bhai ❤ thanks 😊,2024-09-18,https://www.youtube.com/watch?v=JYl2jgvQpRc
youtube,Thank you so much this video was helpful 😊,2023-10-25,https://www.youtube.com/watch?v=JYl2jgvQpRc
youtube,Very useful video sir❤,2023-05-11,https://www.youtube.com/watch?v=JYl2jgvQpRc
youtube,Bahut acha video he aapka,2025-08-05,https://www.youtube.com/watch?v=JYl2jgvQpRc
youtube,Bhai u r great thank u,2023-09-07,https://www.youtube.com/watch?v=JYl2jgvQpRc
youtube,Thanks bhai 🙏 😊 ☺️ 👍 ❤️ 🙂 🙏 😊 ☺️,2023-06-11,https://www.youtube.com/watch?v=JYl2jgvQpRc
youtube,Thank You Bhai..❤❤🙏🙏🙏🙏🙏,2024-01-28,https://www.youtube.com/watch?v=JYl2jgvQpRc
youtube,thanks for sharing this helpful video,2023-09-01,https://www.youtube.com/watch?v=JYl2jgvQpRc
youtube,Thank you so mach bhai ❤❤❤,2024-07-22,https://www.youtube.com/watch?v=JYl2jgvQpRc
youtube,Ooh bhai bada wala thanks 👍🏻,2023-04-15,https://www.youtube.com/watch?v=JYl2jgvQpRc
youtube,Thank you very much 👌👌👌👌,2023-06-30,https://www.youtube.com/watch?v=JYl2jgvQpRc
youtube,Thank you so much 🤗👍,2024-04-23,https://www.youtube.com/watch?v=JYl2jgvQpRc
youtube,Thank you so much❤❤❤❤❤,2023-06-26,https://www.youtube.com/watch?v=JYl2jgvQpRc
youtube,Thank you so much for this information 😊,2024-06-04,https://www.youtube.com/watch?v=JYl2jgvQpRc
youtube,Thank you so much bro,2023-07-27,https://www.youtube.com/watch?v=JYl2jgvQpRc
youtube,Tqq tqq tqq so much sir 🎉🎉,2023-08-15,https://www.youtube.com/watch?v=JYl2jgvQpRc
youtube,Tqq sir....me to mar gya tha ab sas mili hai,2023-03-11,https://www.youtube.com/watch?v=JYl2jgvQpRc
youtube,Photo kitni der mein recover Ho jaenge bhai❤❤❤,2025-11-12,https://www.youtube.com/watch?v=0DD5lzL-guE
youtube,Thank u so Mach bro sari photos Wapas a gai hai🎉❤,2026-05-08,https://www.youtube.com/watch?v=0DD5lzL-guE
youtube,Ye sare setting maine kar rakha hai par photos Recovery nhi ho Raha hai Recovery photos kahan milega aur kitna time me recovery ho jayega please reply me,2026-03-28,https://www.youtube.com/watch?v=0DD5lzL-guE
youtube,Bhaii yeh mobile data se hi hoga yaa WiFi se bhi ho jayga,2026-05-23,https://www.youtube.com/watch?v=0DD5lzL-guE
youtube,Mera ho gaya bhaiya🎉❤ thank you so much ❤😊😊🎉,2026-02-08,https://www.youtube.com/watch?v=0DD5lzL-guE
youtube,"Ye setting krne se, jb karoge tbse saari photos saved hongi na ki pehle ki dobara aayengi",2026-02-10,https://www.youtube.com/watch?v=0DD5lzL-guE
youtube,Photos Not showing in gallery.. Where it saved ?,2025-07-20,https://www.youtube.com/watch?v=0DD5lzL-guE
youtube,Main Google photos ki password bulgaya hu mean kya main ise FIR se wapas kar sakti hun agar aapke pass koi tarika hai to please bataiye mujhe apna password wapas karna hai 🙏🙏🙏🙏 please,2026-05-19,https://www.youtube.com/watch?v=0DD5lzL-guE
youtube,Backup tabhi ka ayega jab apne backup k option on Kiya hoga or photo wahi hogi jo already phone me hai,2025-12-24,https://www.youtube.com/watch?v=0DD5lzL-guE
youtube,Bhaiya maine to kiya kitni der bad aayegi photo 😢,2025-11-25,https://www.youtube.com/watch?v=0DD5lzL-guE
youtube,Thanks bro mere sare photo aa gy vapis ❤,2026-04-13,https://www.youtube.com/watch?v=0DD5lzL-guE
youtube,Kitne time lagta he photos aane me bhaiya 😅,2025-10-05,https://www.youtube.com/watch?v=0DD5lzL-guE
youtube,Yaha se bhi deleted ho gai vidio.ko.wapas.kayse laye please replay me😢,2026-04-10,https://www.youtube.com/watch?v=0DD5lzL-guE
youtube,Agr mene koi photo permanently delete kr de ho to..kya vo bhi recovr ho jaegi????,2026-03-23,https://www.youtube.com/watch?v=0DD5lzL-guE
youtube,Bhai yah to Ho Gai recover karne ke bad vah agar humko nahin chahie photo aur hamare mobile mein kuchh privacy photo hoti hai jo ki hamara mobile kahin gir jaaye Koi Le Le aur hamari photos delete Kari Hui photos na nikaalne jo ki hamari photo Koi Na hi nikal sake to mobile ko kaise recover Karen ya Kya Karen ki jo mobile mein photo Hi Na Rahe Koi kona aap h,2026-02-22,https://www.youtube.com/watch?v=0DD5lzL-guE
youtube,Thank bro sare photo wapas aa gya,2025-12-20,https://www.youtube.com/watch?v=0DD5lzL-guE
youtube,Thanks bro kuchh hi second me mere gellary ka gayab hua photos wapas aa gaya🎉🎉,2026-04-18,https://www.youtube.com/watch?v=0DD5lzL-guE
youtube,Thank you Bhai❤❤ photos aa gayi,2026-03-11,https://www.youtube.com/watch?v=0DD5lzL-guE
youtube,Really useful brother 👍😁,2025-06-19,https://www.youtube.com/watch?v=0DD5lzL-guE
youtube,Thanks bhaiya ILove you too so much ❤😢 photo aa gaya,2026-02-15,https://www.youtube.com/watch?v=0DD5lzL-guE
youtube,Dusre mobile me kese recover kare,2025-06-08,https://www.youtube.com/watch?v=0DD5lzL-guE
youtube,"Thanks bro, mera sara photo delete ho gya tha aaj es video ke vajah se mai aapne sare photo ko recover kiya",2025-08-01,https://www.youtube.com/watch?v=0DD5lzL-guE
youtube,Bhai select option on hi nhi horha hy,2025-07-08,https://www.youtube.com/watch?v=0DD5lzL-guE
youtube,Gmail id new ho tb bhi photo vapas aa skte h ky,2026-07-23,https://www.youtube.com/watch?v=0DD5lzL-guE
youtube,Hlo Bhai process karne ke baad photo kaha milegi,2025-05-31,https://www.youtube.com/watch?v=0DD5lzL-guE
youtube,Bhai mera jada photo nei aya thoda sa ayahe sob photo ane ke liya kiya karna he,2025-07-17,https://www.youtube.com/watch?v=0DD5lzL-guE
youtube,3-4 din pahle ke photo nhi back ho rahe,2025-10-30,https://www.youtube.com/watch?v=0DD5lzL-guE
youtube,Meri ek bhi photo nahin chal rahi hai,2025-05-25,https://www.youtube.com/watch?v=0DD5lzL-guE
youtube,Nahi Bhai mere Gmail se dusre mobile ki photo nahi aa rahi kya karu,2025-08-04,https://www.youtube.com/watch?v=0DD5lzL-guE
youtube,Thank you sir I got all my photos back,2026-03-13,https://www.youtube.com/watch?v=0DD5lzL-guE
youtube,I love u bro❤ u r best,2025-07-26,https://www.youtube.com/watch?v=0DD5lzL-guE
youtube,Thank you bro really helpful 😊,2026-05-19,https://www.youtube.com/watch?v=0DD5lzL-guE
youtube,Ye log kisi ke emotions ke sath khel rahe hai Bhai aap sab se nivedan hai ki faaltu video Na banaye,2025-07-09,https://www.youtube.com/watch?v=0DD5lzL-guE
youtube,Photo kon se application Me aayenge,2026-07-13,https://www.youtube.com/watch?v=0DD5lzL-guE
youtube,Thnnx ❤️ bhaiya yaaar mai rone lagi thi photo delete ho gye the to thnk god wapas aa gye 😅,2026-05-19,https://www.youtube.com/watch?v=0DD5lzL-guE
youtube,Kon sey phone h active kerna h,2025-07-21,https://www.youtube.com/watch?v=0DD5lzL-guE
youtube,Your video helped me to save my unsupported videos which i wasn't able to download directly from google photos TYSM,2025-12-09,https://www.youtube.com/watch?v=W8P4oyjWMGs
youtube,Awesome video ♥️♥️👌👌,2025-10-15,https://www.youtube.com/watch?v=W8P4oyjWMGs
youtube,Thank youuu so much ❤❤,2025-05-29,https://www.youtube.com/watch?v=W8P4oyjWMGs
youtube,Ager mera phone destroy ho jaye to dusre phone m login krne ße mil jayegi kya ????,2026-04-22,https://www.youtube.com/watch?v=W8P4oyjWMGs
youtube,Thank you so much Agar idar se remove karenge toh backup se yaani gmail se hatt jaye ga na,2026-01-17,https://www.youtube.com/watch?v=W8P4oyjWMGs
youtube,Thank you brother for the very good information.,2025-07-15,https://www.youtube.com/watch?v=W8P4oyjWMGs
youtube,Thanks bro apke liye to dil me jagah hai bhai🎉❤,2026-04-26,https://www.youtube.com/watch?v=W8P4oyjWMGs
youtube,Thank you sooo much ...could retrieve all the photos with ease,2025-06-24,https://www.youtube.com/watch?v=W8P4oyjWMGs
youtube,Very useful and quality content😊,2025-12-28,https://www.youtube.com/watch?v=W8P4oyjWMGs
youtube,Wow very good 👍👍 thanks 🙏😅😅❤❤,2025-12-01,https://www.youtube.com/watch?v=W8P4oyjWMGs
youtube,Bhai usme aa rha hai ki we proted your content from any ad services,2026-05-18,https://www.youtube.com/watch?v=W8P4oyjWMGs
youtube,Thank you so much......,2025-07-26,https://www.youtube.com/watch?v=W8P4oyjWMGs
youtube,Bhaiya nhi ho Raha hai aap karva dijiye n please 🙏 aap ke bahut mehrbani ho please 🙏 bhaiya,2025-06-21,https://www.youtube.com/watch?v=W8P4oyjWMGs
youtube,Bro ye to sari album wali hi a jati hain😢,2025-07-14,https://www.youtube.com/watch?v=W8P4oyjWMGs
youtube,Agr sirf Google pr picks hon to kesy dhondy ge,2025-11-24,https://www.youtube.com/watch?v=W8P4oyjWMGs
youtube,Aap and service ka option he nhi aata h plz,2025-05-26,https://www.youtube.com/watch?v=W8P4oyjWMGs
youtube,Or locked chats kaise dekhe jab phone reset ho gya hai to,2026-01-13,https://www.youtube.com/watch?v=W8P4oyjWMGs
youtube,Ye kya Bhai Jo photo pehle se he bs bahi bekap me aayi Jo delete Hui bo to AA hi nhi Rahi 😢,2025-06-25,https://www.youtube.com/watch?v=W8P4oyjWMGs
youtube,Storage full he mail aa hi nhi rhe h to link kese aayega,2025-07-31,https://www.youtube.com/watch?v=W8P4oyjWMGs
youtube,Mere phone mein aisa option dikh hi nahin Raha hai to main Kahan se laun,2025-08-06,https://www.youtube.com/watch?v=W8P4oyjWMGs
youtube,Contact save from google service ka hi option nhi aa raha h please suggest kre,2026-09-10,https://www.youtube.com/watch?v=W8P4oyjWMGs
youtube,Thank you so much bro ❤,2026-07-09,https://www.youtube.com/watch?v=W8P4oyjWMGs
youtube,Nhi hua hai new phone se khicha hua photo recovery nhi hua,2025-07-01,https://www.youtube.com/watch?v=W8P4oyjWMGs
youtube,Photo ka storage full ho gya hai bhaiya kya kare 😢😢,2025-12-31,https://www.youtube.com/watch?v=W8P4oyjWMGs
youtube,Full video - https://youtu.be/-3CLoJMCdGI,2026-05-12,https://www.youtube.com/watch?v=opj6yNDLhmc
youtube,Bhai deleted videos ke liye bhi bata do please Your video helped me a lot Thanks,2026-01-19,https://www.youtube.com/watch?v=opj6yNDLhmc
youtube,"But when I have checked, there are only animations are coming that are created by Google, what I’m supposed to do",2026-03-17,https://www.youtube.com/watch?v=opj6yNDLhmc
youtube,Guys don't do it's not working,2025-11-24,https://www.youtube.com/watch?v=opj6yNDLhmc
youtube,"Gjbb, really helped finding me my photos i deleted long time ago 😊",2025-06-20,https://www.youtube.com/watch?v=opj6yNDLhmc
youtube,Google archive se delete photos kaise wapas laye.,2026-05-17,https://www.youtube.com/watch?v=opj6yNDLhmc
youtube,Isme koi photo click karte hai to vo apne app upload ho jata hai kya google par please reply,2026-08-09,https://www.youtube.com/watch?v=opj6yNDLhmc
youtube,Abe wo collage hote 😂😂,2025-11-19,https://www.youtube.com/watch?v=opj6yNDLhmc
youtube,"Does google photos also have the photos that were deleted from ""trash/Deleted items"" ??",2026-01-09,https://www.youtube.com/watch?v=opj6yNDLhmc
youtube,No that's not working,2025-10-03,https://www.youtube.com/watch?v=opj6yNDLhmc
youtube,Bhai bhut bhut bhut zyda shukriaaa yarrrrr tmhara ❤,2026-06-12,https://www.youtube.com/watch?v=opj6yNDLhmc
youtube,didn't find unsaved creation option! ??,2026-04-09,https://www.youtube.com/watch?v=opj6yNDLhmc
youtube,"Google photos k purane photos apne ap gallery me Kyu aa rhe he , mera phone unnecessary storage full kar rha he samjh nhi aa rha",2025-12-27,https://www.youtube.com/watch?v=opj6yNDLhmc
youtube,It's not working and not seen any deleted photos,2025-10-29,https://www.youtube.com/watch?v=opj6yNDLhmc
youtube,It's showing only my photos which I already have,2025-12-06,https://www.youtube.com/watch?v=opj6yNDLhmc
youtube,Nonsense wrong knowledge ❌ it's just unsaved Creation non deleted photos 😐,2025-10-25,https://www.youtube.com/watch?v=opj6yNDLhmc
youtube,Bhaiya please help kardo maine ase check kiya per college aare hai saare mere google photos mai se bin mai se kisi ne photo delete kardiye hai mere ko vo photo chaiye koi solution btao please,2026-09-01,https://www.youtube.com/watch?v=opj6yNDLhmc
youtube,Bilkul sahi bataye bhai mai paresan ho gya tha thanks bro,2026-05-28,https://www.youtube.com/watch?v=opj6yNDLhmc
youtube,Suggestion ka option nahi aa raha hai,2026-04-23,https://www.youtube.com/watch?v=opj6yNDLhmc
youtube,Mere main ye app nhi h to kya photo save hoti hongi kya btao,2026-05-06,https://www.youtube.com/watch?v=opj6yNDLhmc
youtube,Wow nice interesting ❤🎉😮😊 ty batane ke liye,2026-06-06,https://www.youtube.com/watch?v=opj6yNDLhmc
youtube,Thnks bhai apko dil se bahut badhiya bhai love you bhai,2025-12-30,https://www.youtube.com/watch?v=opj6yNDLhmc
youtube,Private me se deletad kaise wapas laye,2025-06-23,https://www.youtube.com/watch?v=opj6yNDLhmc
youtube,Hey yha se save ka option aaya hmne save ki abhi photos ko kaha dekh payenge,2026-04-26,https://www.youtube.com/watch?v=opj6yNDLhmc
youtube,How to delete those photos??,2025-07-28,https://www.youtube.com/watch?v=opj6yNDLhmc
youtube,Hamry pas setting nhi arha...plz bta den,2026-01-29,https://www.youtube.com/watch?v=opj6yNDLhmc
youtube,Deleted vedio kaise laye bhai pruf the mere pas agar vo nhi mile to mare jayege bhai vedio bta do kaise laye deleted pls aapka bht bht dhanywad hoga 😢,2026-03-25,https://www.youtube.com/watch?v=opj6yNDLhmc
youtube,"Gun bullet kobhi fast hai, koi nahi samajh piyenge 😢😢",2026-04-28,https://www.youtube.com/watch?v=opj6yNDLhmc
youtube,Photo to save ho gyi h but show kaha pr hogi,2026-03-28,https://www.youtube.com/watch?v=opj6yNDLhmc
youtube,6 months ago deleted photo show nh krra hai,2026-05-17,https://www.youtube.com/watch?v=opj6yNDLhmc
youtube,Bhaiya Google photos per photos ka backup dhone ke bavjud bhi gallery se photo delete karne per Google photo se delete ho rahi hai pahle Aisa nahin hota tha,2026-06-23,https://www.youtube.com/watch?v=opj6yNDLhmc
play_store,I don't understand why Google Photos gets an update every other day—and it's always between 80 and 90 MB—which is eating up my phone's memory. I want to know why this is happening. ok I got a reply but tell me what type of update is this and if you are improving then send a stable update like other apps in 5-6 days you guys are sending updates like a newspaper each n every day. difficult to understand the motive behind it.,2026-08-22,https://play.google.com/store/apps/details?id=com.google.android.apps.photos
play_store,"Puts row of creepy figures bottom of every screenshot so I have to take more screenshot of team stats and lists. Is not helpful! Now it's 8/24/26 and is big lagging delay before will take my screenprint, and still has line blocking new at bottom I cannot get rid of!",2026-08-24,https://play.google.com/store/apps/details?id=com.google.android.apps.photos
play_store,"Recent updates have introduced a bunch of bugs that make it really inconvenient to use daily. The grid view has random large or elongated photos making it hard to scan photos and follow their chronological order. The edit tools randomly switch order, making it take longer to find specific tools. Select and drag is completely bugged, making it tedious to select more than one photo. Really disappointing, as this was one of the most polished Google apps but is now buggy and a chore to use.",2026-08-05,https://play.google.com/store/apps/details?id=com.google.android.apps.photos
play_store,"They've absolutely ruined the app bloating it with unwanted AI features that they constantly nag you about using. I've tried to ignore it for a long time but it's basically unusable at this point, the entire UI has been made worse just to try and get you to use AI features and the app is incredibly slow. I switched to a different photo gallery app that actually works and isn't user-hostile.",2026-09-03,https://play.google.com/store/apps/details?id=com.google.android.apps.photos
play_store,"Google, what could you possibly be thinking with the terrible background music on the photo memories??? It's got to be the absolute worst idea you've ever come up with. Even if the music was good it would still be a huge mistake, but the music is total garbage, and cannot be silenced without also muting the video memory being watched. What on earth were you thinking?? I thought smarter people than this worked for Google. This is not the work of talented minds",2026-08-26,https://play.google.com/store/apps/details?id=com.google.android.apps.photos
play_store,I discovered by accident that Back Up is on by default and was busy filling up my Google Storage starting when I got this new phone. Not happy at all. Make photo back up Off the default. No happy at the sneaky way the On default is pretty set.,2026-08-24,https://play.google.com/store/apps/details?id=com.google.android.apps.photos
play_store,"I'm trying to look my pictures stored in drive and I can't they show in a very pour resolution and taken forever to see it .... very disappointed all my pictures taken Whit my Nikon, Canon and Sony camera are in very pour resolution no Good 👎👎👎👎👎",2026-08-27,https://play.google.com/store/apps/details?id=com.google.android.apps.photos
play_store,Not a big fan of the UI changes. It was perfectly fine before with around 4 pictures per row and showing the date etc but now it only does so when showing 3 per row and when you zoom out to 4 it completely removes individual dates and only sorts by month. Its just such a pointless decision to change and nobody asked for it.,2026-09-02,https://play.google.com/store/apps/details?id=com.google.android.apps.photos
play_store,"review #2: i appreciate you giving me the steps but why can't you just make the option as simple as limiting access through my phones system? review #1: it stopped allowing me to use it after limiting the access. Some photos I don't want in Google photos, but I want it on my phone. I don't want to delete photos from my phone just because I delete them in Google photos.",2026-09-04,https://play.google.com/store/apps/details?id=com.google.android.apps.photos
play_store,"still a horror show of usability for editing (no I'm not going to use Gemini to create AI slop) and the timeline doesn't show all photos even if they're tagged with location and timestamp (same on browser, so it's not just the app).",2026-09-01,https://play.google.com/store/apps/details?id=com.google.android.apps.photos
play_store,"This is the shadiest photo app I've ever used. This app won't stop telling me to enable backing up. I intentionally disabled it myself, many times Then when it told me I should turn it back on, I selected to keep it off. Every once in a while it'll tell me to turn backup on. When I log out of my Google account, all my photos disappear. I don't want my phone filling up my Google drive and I don't want your effing subscription service. Stop being so effing greedy and make a good product for once.",2026-09-10,https://play.google.com/store/apps/details?id=com.google.android.apps.photos
play_store,"Does at of the things you'd expect a photos app to do. Basic edits are easily done, back ups are quick and easy, and organising what photo goes where is simple. However, the latest update seems to arbitrarily choose a photo or video to enlarge compared to everything else in the grid layout of all backed up files, meaning that seeing what photos/videos are in order in next to impossible without prior knowledge. Very bad UI decision that makes the app annoying to use.",2026-08-18,https://play.google.com/store/apps/details?id=com.google.android.apps.photos
play_store,"Using Google Android Pixel with updated app (as I do not believe others with iPhones have this bug): I have many Google Photos albums and sort by ""newest."". Despite this setting, they are often jumbled and incorrect when I view them, missing photos, having dates way out of sorting alignment, and the only fix, which is VERY short term is to resort ""oldest"" to ""newest"" and retry. The albums that I have sorting by ""oldest"" (which was the previous Google default) do not seem to have issue.",2026-07-12,https://play.google.com/store/apps/details?id=com.google.android.apps.photos
play_store,"What a terribly oversimplified Android app, you can't select photos from anywhere but your camera roll. If I use a file application, there's ""upload to photos"" after tapping the share icon, but that disappears as an option when you select more than one photo. I could upload them to Drive however, so I did that only to find out on the Android photos app you can't add photos from your Google Drive. It's too Appley ""stay in this single lane"" of an experience.",2026-08-11,https://play.google.com/store/apps/details?id=com.google.android.apps.photos
play_store,"Devs, can we stop cascading async third-party loads into the UI, *especially* in places where other important elements would be? I just clicked a button on a toast that I couldn't even read - because it appeared suddenly on top of the ""edit"" button in the toolbar. TLDR; decent app, but random stuff keeps showing up in important places. Use if you don't mind repetitive pop-ups and clicking mysterious buttons with no further context.",2026-08-17,https://play.google.com/store/apps/details?id=com.google.android.apps.photos
play_store,"frustrated by the app changing the layout. I like the app to open on the camera lbum but it's changed. also, the people and pets have such poor AI detection. i don't seem to have a folder for myself, but it lets me look at others. when I remove photos from others and say it's the wrong person it should ask who it is so it moves correctly. currently it just ignores you removing it and reappears when you refresh.",2026-07-23,https://play.google.com/store/apps/details?id=com.google.android.apps.photos
play_store,Storage Greed. Google is one of the most successful companies in the world and they keep cutting and limiting our amount of storage. Even cutting off vital emails if the ever shrinking limit is reached. Unreal Pressure to subscribe to an extended storage plan instead of a one time purchase. 15g is less than 10% of an average thumb sized flash drive.,2026-07-19,https://play.google.com/store/apps/details?id=com.google.android.apps.photos
play_store,"I've loved Google Photos for the longest time, I've even upgraded my Google One so my family can have more storage, since we are both starting our own businesses we are required to take a lot of photos and screenshots for our work. There was recently an update that drastically slowed how quickly our photos load even on device photos. I fully expect when you have a flagship phone and a premium membership for your photos to load much quicker.",2026-07-31,https://play.google.com/store/apps/details?id=com.google.android.apps.photos
play_store,"Generally love Google, but the recent update of combining RAW/Jpeg as one image and then displaying the RAW by default is a horrible user experience. Also, when I used to make albums to share with people, it would include the RAWs and JPEGS...now it only adds the RAWs. if you want to add both, you have to click on an image, switch it to jpeg view, then add to album to share. So unbelievably frustrating having to do this 200 times just to share 200 jpeg photos instead of selecting a day.",2026-07-17,https://play.google.com/store/apps/details?id=com.google.android.apps.photos
play_store,"I've been using this app for years, and overall haven't had any problems. 1 thing I've recently been having to deal with is running out of free storage space (for backed up photos). I very much wish I could manually select and choose which photos are backed up vs not. Stuff from Pinterest, screenshots, etc, I wish I could select these photos to not be backed up, and only back up important photos from my camera roll or photos sent from friends. I would be so grateful if this became an app feature",2026-06-29,https://play.google.com/store/apps/details?id=com.google.android.apps.photos
play_store,"Google is DEFINITELY running a scam to get you to pay for more storage, be aware! I started getting notifications that my storage was full, I pay 2.99 a month and I dont intend on giving them any more money. I have deleted close to 3 THOUSAND photos and videos, completely emptied out my email that hadnt been touched since 2019, and it is still saying my storage is full and that nothing is backing up, email wont work. They are running a major scam and should be sued",2026-07-21,https://play.google.com/store/apps/details?id=com.google.android.apps.photos
play_store,I absolutely despise this app. It's far too focused on shareability when I want the majority of my pictures to stay private. It's far too focused on sorting pictures chronologically when I want to organize them into folders; and I want to be able to keep my folders hidden; rather than them being primed for sharing as soon as they're created.,2026-07-19,https://play.google.com/store/apps/details?id=com.google.android.apps.photos
play_store,"automatic backup is nice, although it is very annoying that there is no easy way to un-backup an image once uploaded. Random large images on the photos view is a terrible eyesore, it was fine before there was no need to make it worse. Collections tab is annoying: albums are too large and there is no way to choose which image is displayed for them, there is no way to order them, there is no way to remove the useless documents tab which nobody would ever use. Hiding places tab would be good too.",2026-07-28,https://play.google.com/store/apps/details?id=com.google.android.apps.photos
play_store,The back-up photos option gets turned on somehow automatically even when you have turned that off manually and runs you out of your free available storage. This setting works like spam in your phone. They use this app to force you to buy the space or delete your data after exhausting your default storage space. Disabled the app as it is not possible to uninstall.,2026-07-19,https://play.google.com/store/apps/details?id=com.google.android.apps.photos
play_store,"very bad navigation. whenever I have to send or share a photo I never find it in photos, because it never show recently downloaded photos on top. it uses some metadata which is useless. example if I have to send a photo to a person just downloaded from Gmail, it goes far below in choose photo list. I have to go to files application, then I see the photo on the top, then I click share button. but there are few applications like gmail, doesn't support files, in this case I take screenshot of file",2026-07-21,https://play.google.com/store/apps/details?id=com.google.android.apps.photos
play_store,I like google photos a lot. I don't really get why anyone would use anything else. I find every other app frustrating to some degree. Many apps don't play nicely with other operating systems. That issue seems way less problematic on Google photos. sharing is easy. Everything is backed up. All the editing tools I need are in the app.,2026-07-18,https://play.google.com/store/apps/details?id=com.google.android.apps.photos
play_store,Far too many changes behind the scenes. A while back my pictures were backed up from my phone and then available in Google Photos on my phone and laptop as well as Photoscan by Google. Now it is unclear what has been kept or lost. The tools keep changing around behind the scenes and we never get new signposts. The new search cannot be jigged. it shows people who are distinctly not me as photos of me are labelled me. It can't be told. Then keyword searched is replaced by chatty scatter-gun AI,2026-07-30,https://play.google.com/store/apps/details?id=com.google.android.apps.photos
play_store,"Free, no ads, easy to use, and satisfying. You can make your own folders, delete anything you want and it will go to a delete file and you have 30 days until it fully deletes so if you want to restore it before 30 days, you can. I prefer this over the regular gallery. You also have back up photos on here!",2026-08-15,https://play.google.com/store/apps/details?id=com.google.android.apps.photos
play_store,"No option to disable resized/multi-size images in Photos. The app will decide that a random photo should be 6x bigger than the others, and there's nothing you can do about it. NOBODY ASKED FOR THIS! It's a photo viewing app not a social media page. Having chronological order is infinitely more important than whatever kind of crack that Google's UX team is smoking.",2026-07-10,https://play.google.com/store/apps/details?id=com.google.android.apps.photos
play_store,"albums REQUIRE cloud storage. it never mentions this anywhere in the app, but if you're using your phones storage for photos and videos, and want to create albums, it will upload those photos and videos to the cloud. it will not warn you. It will not let you organize your media any other way. the only warning you will get is when you have too many pictures in your albums, and it will tell you to pay money to add pictures, that are stored on your phone, to albums. completely ridiculous.",2026-07-10,https://play.google.com/store/apps/details?id=com.google.android.apps.photos
play_store,"The most recent update changed the photo layout so that some photos are randomly displayed bigger than others instead of them all being displayed in a nice grid like it was before. There is no option I can see to turn this off. No idea what they were thinking. Please give us the option to display a clean grid of photos, it's just common sense UI.",2026-07-18,https://play.google.com/store/apps/details?id=com.google.android.apps.photos
play_store,"Stop changing this goddamn app. it was good the way it was before, it does not need a change in design. It does not need the Tabs suddenly be floating, it doesn't need not being able to sort through albums. It does not need the dates suddenly turned off, and then when you turn them off centered again. Find something else to do for the interns, it looks fine. Also, give us the option to turn off Material You, it looks awful",2026-07-23,https://play.google.com/store/apps/details?id=com.google.android.apps.photos
play_store,"Can't sort ""on this device"" folders at all, photos are sometimes duplicated in photos view, can't move images between folders, folder backup randomly turns off, apps sometimes can't access photo picker, downloaded images/videos are randomly dated when you downloaded it or when they were uploaded to that site, some videos get the ""related"" tab some don't, images that had ""date & time"" altered randomly revert to their original date, + many other problems I can't fit here. Genuinely horrendous app.",2026-08-07,https://play.google.com/store/apps/details?id=com.google.android.apps.photos
play_store,"App is good and works, but they recently changed it so it's no longer 4 photos across only 3 which makes the entire thing feel significantly more cramped. Now it's either very cramped 3 across or very small 5 across. If only there was something comfortable in between that everyone was also used to. No longer able to press and swipe to select multiple photos in my main reel, but I can do that in sub-folders. AI edits are pushed even with AI features disabled.",2026-07-28,https://play.google.com/store/apps/details?id=com.google.android.apps.photos
play_store,we'll see if the installation of this variant works. Because I keep emplacing the thing only to be advised that my current storage is old and needs to be upgraded. Maybe the umpteenth time is the lucky one. Just a thought and a bit of hope that I don't have to lose any more battery life. take care all. oh look. I can write you a review but can't send it. Two options: keep it where it is or discard it.,2026-07-14,https://play.google.com/store/apps/details?id=com.google.android.apps.photos
